ID,theme,themedef,category,catdef,word1,worddef1,word2,worddef2,word3,worddef3,word4,worddef4,score,cat21
771,""Mars"",""The fourth planet from the Sun, known as the Red Planet due to iron oxide on its surface, and a primary target for space exploration."",""Martian Geography"",""The physical landscape and geological structures found on the surface of the planet Mars."",""Olympus Mons"",""The largest volcano in the solar system, located in the Tharsis region of Mars."",""Valles Marineris"",""A vast canyon system that runs along the Martian equator, spanning over 4,000 km."",""Hellas Planitia"",""A massive impact basin in the southern hemisphere, one of the deepest on Mars."",""Tharsis"",""A huge volcanic plateau centered near the equator in the western hemisphere."",""3"",""Geography""
772,""Mars"",""The fourth planet from the Sun, known as the Red Planet due to iron oxide on its surface, and a primary target for space exploration."",""Space Missions"",""Human-made robotic missions sent to orbit or land on Mars to study its environment."",""Perseverance"",""A car-sized Mars rover designed to explore the Jezero crater as part of NASA's mission."",""Curiosity"",""A rover that landed in Gale Crater in 2012 to investigate Martian climate and geology."",""Viking 1"",""The first spacecraft to successfully land on Mars and complete its mission."",""InSight"",""A robotic lander designed to study the deep interior of the planet Mars."",""5"",""Science""
773,""Mars"",""The fourth planet from the Sun, known as the Red Planet due to iron oxide on its surface, and a primary target for space exploration."",""Atmospheric Composition"",""The thin layer of gases surrounding Mars, primarily composed of carbon dioxide."",""Carbon Dioxide"",""The primary component of the Martian atmosphere, making up about 95 percent."",""Argon"",""A noble gas that is the third most abundant constituent in the Martian air."",""Dust Storms"",""Large-scale weather events that can cover the entire planet in a thick haze."",""Methane"",""A gas whose presence on Mars is debated and could indicate biological activity."",""1"",""Science""
774,""Mars"",""The fourth planet from the Sun, known as the Red Planet due to iron oxide on its surface, and a primary target for space exploration."",""Natural Satellites"",""The two small, irregularly shaped moons that orbit the planet Mars."",""Phobos"",""The larger and closer of the two natural satellites orbiting the planet Mars."",""Deimos"",""The smaller and more distant of the two Martian moons, appearing star-like."",""Stickney"",""The largest and most prominent crater located on the Martian moon Phobos."",""Tidal Force"",""The gravitational effect that is slowly pulling Phobos closer to Mars."",""3"",""Science""
775,""Mars"",""The fourth planet from the Sun, known as the Red Planet due to iron oxide on its surface, and a primary target for space exploration."",""Human Settlement"",""The theoretical and planned future habitation of Mars by human beings."",""Terraforming"",""The hypothetical process of modifying Mars' atmosphere to make it habitable."",""SpaceX"",""A private aerospace company with the long-term goal of colonizing Mars."",""Starship"",""A fully reusable spacecraft being developed to carry humans to Mars."",""Regolith"",""The layer of loose, heterogeneous superficial deposits covering solid rock."",""5"",""Technology""
776,""Mars"",""The fourth planet from the Sun, known as the Red Planet due to iron oxide on its surface, and a primary target for space exploration."",""Ancient Mythology"",""The historical and cultural associations of the planet with ancient deities."",""Ares"",""The Greek god of war, whose Roman equivalent gives the planet its name."",""Romulus"",""In Roman myth, one of the twin founders of Rome and the son of Mars."",""Red Planet"",""A popular nickname for Mars due to the reddish appearance of its surface."",""Bellona"",""An ancient Roman goddess of war often associated with the god Mars."",""1"",""History""
777,""Mars"",""The fourth planet from the Sun, known as the Red Planet due to iron oxide on its surface, and a primary target for space exploration."",""Planetary Geology"",""The study of the solid matter that constitutes Mars and the processes that shape it."",""Hematite"",""An iron oxide mineral that gives the Martian surface its distinct red color."",""Perchlorates"",""Chemical compounds found in Martian soil that are toxic to humans."",""Basalt"",""A dark-colored, fine-grained igneous rock that makes up much of Mars."",""Polar Caps"",""Regions at the north and south poles of Mars covered in water and CO2 ice."",""3"",""Science""
778,""Milkshakes"",""A cold, sweet beverage made from milk, ice cream, and flavorings or sweeteners, often blended until smooth and frothy."",""Classic Flavors"",""The traditional and most popular flavor profiles that have defined the milkshake experience for decades."",""Vanilla"",""A classic flavor derived from orchids, providing a smooth and aromatic base for many milkshakes."",""Chocolate"",""A rich and indulgent flavor made from cocoa solids, widely considered a staple in dessert drinks."",""Strawberry"",""A fruity and refreshing option made using fresh berries or syrup for a sweet, pink-colored treat."",""Malt"",""A distinctive nutty flavor added via malted milk powder, creating a traditional 'malted' shake."",""1"",""Food""
779,""Milkshakes"",""A cold, sweet beverage made from milk, ice cream, and flavorings or sweeteners, often blended until smooth and frothy."",""Toppings"",""Various edible items added to the top of a milkshake to enhance its texture, flavor, and visual appeal."",""Sprinkles"",""Small, colorful sugar decorations used to add a festive look and slight crunch to the topping."",""Whipped Cream"",""A light and airy dairy topping made by beating heavy cream until it reaches a fluffy consistency."",""Maraschino Cherry"",""A preserved, sweetened cherry that serves as the iconic final touch on top of a milkshake."",""Hot Fudge"",""A thick, warm chocolate sauce drizzled over the top for added richness and temperature contrast."",""1"",""Food""
780,""Milkshakes"",""A cold, sweet beverage made from milk, ice cream, and flavorings or sweeteners, often blended until smooth and frothy."",""Equipment"",""The specialized tools and machinery used to mix, blend, and serve professional-quality milkshakes."",""Spindle Mixer"",""A high-speed commercial appliance designed specifically to aerate and blend milkshakes perfectly."",""Blender"",""A versatile kitchen device with rotating blades used to liquefy and mix ingredients into a smooth drink."",""Stainless Steel Cup"",""The traditional vessel used for mixing and serving shakes to keep them cold during preparation."",""Straw"",""A long tube used for sipping the thick beverage, often available in wide diameters for easier flow."",""3"",""Technology""
781,""Milkshakes"",""A cold, sweet beverage made from milk, ice cream, and flavorings or sweeteners, often blended until smooth and frothy."",""Base Ingredients"",""The fundamental components required to create the creamy texture and rich taste of a standard milkshake."",""Whole Milk"",""A dairy liquid containing all its natural fat, providing the necessary fluid base for blending."",""Premium Ice Cream"",""High-quality frozen dairy dessert with high butterfat content, ensuring a rich and creamy texture."",""Heavy Cream"",""The thick part of milk with high fat content, often added to increase the shake's decadence."",""Non-Dairy Milk"",""Plant-based alternatives like almond or oat milk used to create vegan-friendly milkshake options."",""3"",""Food""
782,""Milkshakes"",""A cold, sweet beverage made from milk, ice cream, and flavorings or sweeteners, often blended until smooth and frothy."",""Gourmet Variations"",""Modern and elaborate milkshake styles that incorporate complex ingredients and artistic presentations."",""Freakshake"",""An over-the-top milkshake topped with entire slices of cake, cookies, and other massive confections."",""Salted Caramel"",""A sophisticated flavor profile combining sweet burnt sugar with a hint of savory sea salt."",""Matcha"",""Finely ground powder of specially grown green tea leaves, offering a unique earthy flavor and color."",""Espresso"",""Concentrated coffee used to create a caffeinated 'mocha' style shake for an adult palate."",""5"",""Lifestyle""
783,""Milkshakes"",""A cold, sweet beverage made from milk, ice cream, and flavorings or sweeteners, often blended until smooth and frothy."",""Cultural History"",""The historical evolution and cultural significance of milkshakes in American dining and social life."",""Soda Fountain"",""A counter in a drugstore or diner where carbonated drinks and milkshakes were historically served."",""Malt Shop"",""A popular mid-20th century social hangout centered around the consumption of malted milkshakes."",""Diner"",""A classic American restaurant style where milkshakes are a staple menu item served with meals."",""Drive-in"",""A type of restaurant where customers are served in their cars, often featuring shakes and burgers."",""3"",""History""
784,""Milkshakes"",""A cold, sweet beverage made from milk, ice cream, and flavorings or sweeteners, often blended until smooth and frothy."",""Textures and Consistency"",""Descriptive terms used to characterize the physical feel and thickness of different milkshake preparations."",""Thick"",""A desirable quality where the shake has a high viscosity, making it slow to move through a straw."",""Frothy"",""A light and bubbly texture achieved by incorporating air into the mixture during high-speed blending."",""Velvety"",""A descriptor for a perfectly smooth and consistent texture without any ice crystals or lumps."",""Slushy"",""A texture that is more icy than creamy, often occurring when the ice cream to milk ratio is low."",""5"",""Language""
785,""Mirages"",""Optical phenomena where light rays bend via refraction to produce a displaced image of distant objects or the sky."",""Atmospheric Optics"",""The study of how light interacts with the Earth's atmosphere to create visual phenomena."",""Refraction"",""The bending of a wave when it enters a medium where its speed is different."",""Reflection"",""The change in direction of a wavefront at an interface between two different media."",""Scintillation"",""The rapid variation in apparent brightness or position of a distant luminous object."",""Diffraction"",""The process by which a beam of light or other system of waves is spread out."",""5"",""Science""
786,""Mirages"",""Optical phenomena where light rays bend via refraction to produce a displaced image of distant objects or the sky."",""Desert Phenomena"",""Specific optical illusions commonly encountered in arid, hot environments due to temperature gradients."",""Oasis"",""A fertile spot in a desert where water is found, often appearing as a mirage."",""Heat haze"",""A shimmering effect caused by the refraction of light through heated air."",""Inferior mirage"",""A mirage in which the image appears below the actual position of the object."",""Shimmer"",""A soft, slightly wavering light or reflection often seen over hot surfaces."",""3"",""Geography""
787,""Mirages"",""Optical phenomena where light rays bend via refraction to produce a displaced image of distant objects or the sky."",""Maritime Illusions"",""Visual distortions occurring over large bodies of water, often involving cold air trapped near the surface."",""Fata Morgana"",""A complex form of superior mirage that is seen in a narrow band right above the horizon."",""Superior mirage"",""An optical phenomenon where the image appears to be located above the real object."",""Looming"",""A mirage in which objects below the horizon appear to be raised above it."",""Ghost ship"",""A maritime illusion where a vessel appears to float in the sky due to refraction."",""5"",""Nature""
788,""Mirages"",""Optical phenomena where light rays bend via refraction to produce a displaced image of distant objects or the sky."",""Psychological Metaphors"",""The use of mirages as symbolic representations of deceptive hopes, unreachable goals, or illusions in life."",""Delusion"",""A persistent false belief maintained despite being contradicted by reality."",""Hallucination"",""A perception in the absence of external stimulus that has qualities of real perception."",""Chimera"",""A thing that is hoped or wished for but in fact is illusory or impossible to achieve."",""Phantasm"",""A figment of the imagination or an illusionary appearance of something."",""1"",""Literature""
789,""Mirages"",""Optical phenomena where light rays bend via refraction to produce a displaced image of distant objects or the sky."",""Physics Principles"",""The fundamental scientific laws and properties of light that govern the formation of mirages."",""Snell's Law"",""A formula used to describe the relationship between angles of incidence and refraction."",""Gradient"",""The rate of change of a physical quantity, such as temperature, over a distance."",""Photon"",""A particle representing a quantum of light or other electromagnetic radiation."",""Wavefront"",""An imaginary surface representing corresponding points of a wave that vibrate in unison."",""5"",""Science""
790,""Mirages"",""Optical phenomena where light rays bend via refraction to produce a displaced image of distant objects or the sky."",""Roadway Effects"",""Common visual occurrences on hot asphalt surfaces that appear like pools of water to drivers."",""Asphalt"",""A dark bituminous substance used for surfacing roads, often creating heat mirages."",""Pavement"",""The hard surface of a road or path that radiates heat to create optical distortions."",""Skidding"",""The action of a vehicle sliding, often caused by misinterpreting road mirages."",""Mirage water"",""The illusion of a pool of water on a dry road caused by sky refraction."",""3"",""Transportation""
791,""Mirages"",""Optical phenomena where light rays bend via refraction to produce a displaced image of distant objects or the sky."",""Artistic Representations"",""How mirages and optical distortions are depicted or utilized within creative works and visual arts."",""Surrealism"",""An artistic movement that sought to release the creative potential of the unconscious mind."",""Perspective"",""The art of drawing solid objects on a two-dimensional surface to give the right impression."",""Distortion"",""The action of giving a misleading account or impression, or changing a shape."",""Impressionism"",""A style of painting that captures the visual impression of the moment, especially light."",""1"",""Art""
792,""Monsters"",""Imaginary or mythical creatures that are typically large, ugly, and frightening, often appearing in folklore and horror fiction."",""Greek Mythology"",""Legendary creatures from ancient Greek myths that often challenged heroes and gods."",""Minotaur"",""A creature with the head of a bull and the body of a man, confined in a labyrinth."",""Medusa"",""A gorgon with snakes for hair whose gaze turns anyone who looks at her into stone."",""Hydra"",""A multi-headed water serpent that grows two heads back for every single one that is cut off."",""Chimera"",""A fire-breathing hybrid creature with parts from a lion, a goat, and a venomous snake."",""3"",""History""
793,""Monsters"",""Imaginary or mythical creatures that are typically large, ugly, and frightening, often appearing in folklore and horror fiction."",""Cryptids"",""Creatures whose existence is claimed but never proven by scientific evidence or study."",""Bigfoot"",""A large, hairy, ape-like creature said to inhabit the remote forests of North America."",""Mothman"",""A winged humanoid with glowing red eyes reported in West Virginia folklore during the 1960s."",""Chupacabra"",""A legendary creature known for attacking livestock and drinking their blood in the Americas."",""Wendigo"",""A malevolent spirit or monster from Algonquian folklore associated with greed and cannibalism."",""5"",""Science""
794,""Monsters"",""Imaginary or mythical creatures that are typically large, ugly, and frightening, often appearing in folklore and horror fiction."",""Classic Horror"",""Iconic monsters popularized by early 20th-century cinema and gothic literature."",""Dracula"",""A sophisticated vampire count who feeds on the blood of the living to maintain his immortality."",""Frankenstein"",""A sapient creature assembled from various body parts and brought to life through science."",""Wolfman"",""A human who transforms into a savage, predatory wolf during the night of a full moon."",""Mummy"",""An ancient Egyptian corpse preserved and reanimated through mystical curses and rituals."",""1"",""Movies""
795,""Monsters"",""Imaginary or mythical creatures that are typically large, ugly, and frightening, often appearing in folklore and horror fiction."",""Japanese Folklore"",""Supernatural entities and spirits known as Yokai that inhabit the traditional stories of Japan."",""Kappa"",""A water imp with a plate on its head that must remain filled with water to keep its power."",""Tengu"",""A legendary creature with avian features often depicted as a mountain protector or warrior."",""Oni"",""A demonic ogre or troll known for its immense strength and carrying a massive iron club."",""Rokurokubi"",""A person whose neck can stretch to incredible lengths while they sleep during the night."",""5"",""Religion""
796,""Monsters"",""Imaginary or mythical creatures that are typically large, ugly, and frightening, often appearing in folklore and horror fiction."",""Video Game Bosses"",""Powerful and unique monstrous enemies that players must defeat to progress in digital games."",""Bowser"",""The giant, fire-breathing turtle king who serves as the primary antagonist in the Mario series."",""Ganon"",""A powerful sorcerer and beast who seeks to conquer the land of Hyrule in the Zelda games."",""Nemesis"",""A bio-organic weapon designed to hunt down and eliminate specific targets in Resident Evil."",""Alduin"",""A massive black dragon known as the World-Eater who threatens the land of Skyrim."",""3"",""Gaming""
797,""Monsters"",""Imaginary or mythical creatures that are typically large, ugly, and frightening, often appearing in folklore and horror fiction."",""Sea Monsters"",""Fearsome aquatic beasts believed to dwell in the depths of the world's oceans and lakes."",""Kraken"",""A legendary giant cephalopod said to dwell off the coasts of Norway and sink large ships."",""Leviathan"",""A primordial sea serpent mentioned in theology and ancient seafaring tales of the deep."",""Cthulhu"",""A cosmic entity with a tentacled face and wings created by writer H.P. Lovecraft."",""Nessie"",""The famous long-necked creature rumored to inhabit the deep waters of Loch Ness in Scotland."",""3"",""Nature""
798,""Monsters"",""Imaginary or mythical creatures that are typically large, ugly, and frightening, often appearing in folklore and horror fiction."",""Undead Creatures"",""Beings that are deceased yet behave as if they were alive, often seeking to harm the living."",""Zombie"",""A reanimated corpse with an insatiable hunger for human flesh, often appearing in hordes."",""Ghoul"",""A demonic being or monster associated with graveyards and the consumption of human flesh."",""Lich"",""A powerful undead sorcerer who has achieved immortality through dark magic and a phylactery."",""Revenant"",""A visible ghost or animated corpse that has returned from the grave to seek vengeance."",""1"",""Literature""
799,""Moons"",""Natural satellites that orbit planets or smaller bodies, varying in size, composition, and geological activity across the solar system."",""Earth's Moon"",""The only natural satellite of Earth, influencing tides and appearing in various phases throughout its orbital cycle."",""Regolith"",""The layer of loose, heterogeneous superficial deposits covering solid rock on the lunar surface."",""Maria"",""Large, dark, basaltic plains on Earth's Moon, formed by ancient volcanic eruptions."",""Crater"",""A bowl-shaped depression on the lunar surface caused by the impact of a meteoroid or comet."",""Highlands"",""The lighter, mountainous regions of the Moon's surface that are older and more cratered than the maria."",""1"",""Science""
800,""Moons"",""Natural satellites that orbit planets or smaller bodies, varying in size, composition, and geological activity across the solar system."",""Galilean Moons"",""The four largest moons of Jupiter discovered by Galileo Galilei, each possessing unique and extreme geological characteristics."",""Io"",""The innermost Galilean moon, known for being the most volcanically active body in the entire solar system."",""Europa"",""A moon with a smooth icy surface believed to harbor a deep liquid water ocean beneath its crust."",""Ganymede"",""The largest moon in the solar system, even bigger than the planet Mercury, with its own magnetic field."",""Callisto"",""A heavily cratered moon with an ancient surface, potentially hiding a salty ocean deep underground."",""3"",""Science""
801,""Moons"",""Natural satellites that orbit planets or smaller bodies, varying in size, composition, and geological activity across the solar system."",""Saturnian Moons"",""A diverse group of satellites orbiting Saturn, ranging from giant Titan to small, irregular shepherd moons within the rings."",""Titan"",""Saturn's largest moon, featuring a thick atmosphere and stable bodies of liquid methane and ethane on its surface."",""Enceladus"",""A small, icy moon that erupts plumes of water vapor and ice particles from its south polar region."",""Mimas"",""A moon famous for its massive Herschel crater, giving it a resemblance to the Death Star from Star Wars."",""Iapetus"",""A moon known for its distinct two-toned coloration and a massive equatorial ridge that spans half its circumference."",""3"",""Science""
802,""Moons"",""Natural satellites that orbit planets or smaller bodies, varying in size, composition, and geological activity across the solar system."",""Martian Moons"",""The two small, irregularly shaped natural satellites of Mars, thought to be captured asteroids from the nearby belt."",""Phobos"",""The larger and closer of the two Martian moons, which is slowly spiraling inward toward the planet."",""Deimos"",""The smaller, outermost moon of Mars, characterized by a smoother appearance due to a thick layer of dust."",""Stickney"",""The largest crater on Phobos, so big that the impact nearly shattered the entire moon."",""Grooves"",""Long, shallow depressions found on the surface of Phobos, likely caused by tidal stresses from Mars."",""5"",""Science""
803,""Moons"",""Natural satellites that orbit planets or smaller bodies, varying in size, composition, and geological activity across the solar system."",""Ice Moons"",""Natural satellites composed primarily of water ice and rock, often found orbiting the gas and ice giants of the outer solar system."",""Triton"",""Neptune's largest moon, which orbits in a retrograde direction and features active nitrogen geysers."",""Ariel"",""One of Uranus's moons, showing signs of past geological activity with deep canyons and smooth plains."",""Miranda"",""A moon of Uranus with a bizarre, patchwork surface that includes some of the highest cliffs in the solar system."",""Charon"",""The largest moon of Pluto, which is so big that the two bodies orbit a common center of mass outside Pluto."",""3"",""Science""
804,""Moons"",""Natural satellites that orbit planets or smaller bodies, varying in size, composition, and geological activity across the solar system."",""Moon Exploration"",""Human and robotic endeavors to study natural satellites, including landings, orbiters, and sample return missions."",""Apollo"",""The NASA program that successfully landed the first humans on Earth's Moon between 1969 and 1972."",""Artemis"",""A modern international spaceflight program aiming to return humans to the lunar surface and establish a sustainable presence."",""Lunokhod"",""A series of robotic lunar rovers deployed by the Soviet Union to explore the Moon's surface remotely."",""Cassini"",""A joint mission that extensively studied Saturn and its moons, including the deployment of the Huygens probe to Titan."",""5"",""History""
805,""Moons"",""Natural satellites that orbit planets or smaller bodies, varying in size, composition, and geological activity across the solar system."",""Lunar Phases"",""The different appearances of the Moon as seen from Earth, caused by the changing relative positions of the Earth, Moon, and Sun."",""Crescent"",""The phase where less than half of the Moon's visible side is illuminated, appearing as a thin curved shape."",""Gibbous"",""The phase where more than half but not all of the Moon's visible side is illuminated by the Sun."",""Syzygy"",""The straight-line configuration of three celestial bodies, such as the Sun, Moon, and Earth, during an eclipse."",""Terminator"",""The dividing line between the light and dark sides of a moon or planet, where shadows are most prominent."",""1"",""Science""
806,""Myths"",""Traditional stories explaining some natural or social phenomenon, typically involving supernatural beings or events."",""Greek Mythology"",""The body of myths originally told by the ancient Greeks concerning their gods, heroes, and the nature of the world."",""Zeus"",""The sky and thunder god in ancient Greek religion, who rules as king of the gods of Mount Olympus."",""Athena"",""The ancient Greek goddess of wisdom, handicraft, and warfare, known for her strategic skill and courage."",""Olympus"",""The highest mountain in Greece, traditionally regarded as the heavenly abode of the twelve major gods."",""Minotaur"",""A mythical creature portrayed with the head of a bull and the body of a man, dwelling in the Labyrinth."",""1"",""History""
807,""Myths"",""Traditional stories explaining some natural or social phenomenon, typically involving supernatural beings or events."",""Norse Mythology"",""The framework of legends and beliefs from the North Germanic people, featuring powerful gods and cosmic battles."",""Odin"",""The principal god in Norse mythology, associated with wisdom, healing, death, royalty, and the runic alphabet."",""Thor"",""A hammer-wielding god associated with lightning, thunder, storms, and the protection of mankind in Norse myth."",""Valhalla"",""A majestic, enormous hall located in Asgard, ruled over by the god Odin for those who die in combat."",""Ragnarok"",""A series of future events, including a great battle, foretold to lead to the death of major Norse figures."",""3"",""History""
808,""Myths"",""Traditional stories explaining some natural or social phenomenon, typically involving supernatural beings or events."",""Egyptian Mythology"",""A collection of stories from ancient Egypt describing the actions of gods as a means for understanding the world."",""Anubis"",""The ancient Egyptian god of death, mummification, embalming, the afterlife, and the underworld."",""Osiris"",""The god of fertility, agriculture, the afterlife, the dead, resurrection, life, and vegetation in Egypt."",""Ra"",""The ancient Egyptian deity of the sun, often represented as a falcon-headed man wearing a solar disk."",""Sphinx"",""A mythical creature with the head of a human and the body of a lion, often acting as a guardian of temples."",""3"",""History""
809,""Myths"",""Traditional stories explaining some natural or social phenomenon, typically involving supernatural beings or events."",""Folklore Creatures"",""Legendary beings from traditional stories and cultural beliefs that often possess supernatural abilities or traits."",""Dragon"",""A large, serpent-like legendary creature that appears in the folklore of many cultures around the world."",""Phoenix"",""A long-lived bird that is cyclically regenerated or reborn from the ashes of its predecessor."",""Mermaid"",""A legendary aquatic creature with the upper body of a female human and the tail of a fish."",""Centaur"",""A creature from Greek mythology with the upper body of a human and the lower body and legs of a horse."",""1"",""Literature""
810,""Myths"",""Traditional stories explaining some natural or social phenomenon, typically involving supernatural beings or events."",""Urban Legends"",""Modern stories or rumors of unknown origin that circulate as true, often containing elements of horror or irony."",""Bigfoot"",""A large, hairy, human-like creature reported to inhabit forests, mainly in the Pacific Northwest region."",""Chupacabra"",""A legendary creature in the folklore of parts of the Americas, purported to drink the blood of livestock."",""Poltergeist"",""A type of ghost or spirit that is responsible for physical disturbances, such as loud noises and objects moving."",""Banshee"",""A female spirit in Irish folklore who heralds the death of a family member, usually by wailing or shrieking."",""5"",""Lifestyle""
811,""Myths"",""Traditional stories explaining some natural or social phenomenon, typically involving supernatural beings or events."",""Creation Myths"",""Symbolic narratives of how the world began and how people first came to inhabit it within various cultures."",""Chaos"",""The initial state of existence from which the first gods appeared in various ancient creation stories."",""Genesis"",""The origin or mode of formation of something, often referring to the biblical story of the world's creation."",""Pangu"",""The first living being and the creator of all in some versions of Chinese mythology and creation stories."",""Gaia"",""The personification of Earth and one of the Greek primordial deities, the ancestral mother of all life."",""5"",""Religion""
812,""Myths"",""Traditional stories explaining some natural or social phenomenon, typically involving supernatural beings or events."",""Heroic Quests"",""Narrative patterns involving a protagonist who embarks on a journey to achieve a significant goal or overcome trials."",""Odyssey"",""An epic poem attributed to Homer, describing the long and arduous journey home of the hero Odysseus."",""Grail"",""A vessel that serves as an important motif in Arthurian literature, often sought by knights for its power."",""Beowulf"",""An Old English epic poem about a hero who defeats monsters and becomes a king before his final battle."",""Hercules"",""A Roman hero and god, son of Zeus, famous for his incredible strength and his twelve legendary labors."",""3"",""Literature""
813,""Legendary Bands"",""Iconic musical groups that have significantly influenced the history and development of popular music across various genres."",""British Invasion"",""A cultural phenomenon of the mid-1960s when rock and pop music acts from the UK became popular in the United States."",""Beatles"",""The most influential band in history, known for their songwriting and experimental studio techniques."",""Stones"",""A long-running rock band famous for their bluesy sound and charismatic frontman Mick Jagger."",""Who"",""Known for their energetic live performances and the development of the rock opera genre."",""Kinks"",""A band that helped define the British sound with hits like You Really Got Me and social commentary."",""1"",""Music""
814,""Legendary Bands"",""Iconic musical groups that have significantly influenced the history and development of popular music across various genres."",""Hard Rock Pioneers"",""Bands that laid the foundation for heavy rock music with loud guitars and powerful vocal performances."",""Zeppelin"",""A legendary group that blended blues, folk, and hard rock into a massive, stadium-filling sound."",""Purple"",""Pioneers of heavy metal and modern hard rock, featuring virtuosic organ and guitar interplay."",""Sabbath"",""Often credited as the inventors of heavy metal, known for their dark, heavy riffs and occult themes."",""ACDC"",""An Australian band famous for their high-energy performances and simple, hard-hitting rock anthems."",""3"",""Music""
815,""Legendary Bands"",""Iconic musical groups that have significantly influenced the history and development of popular music across various genres."",""Progressive Rock"",""A genre characterized by complex compositions, technical proficiency, and ambitious concept albums."",""Floyd"",""Renowned for their philosophical lyrics, sonic experimentation, and elaborate live shows."",""Genesis"",""A band that evolved from complex progressive rock to massive pop success over several decades."",""Yes"",""Known for their intricate arrangements, mystical lyrics, and high level of instrumental skill."",""Crimson"",""A pioneering group that pushed the boundaries of rock with jazz and classical influences."",""5"",""Music""
816,""Legendary Bands"",""Iconic musical groups that have significantly influenced the history and development of popular music across various genres."",""Grunge Movement"",""A subgenre of alternative rock that emerged in Seattle, characterized by distorted guitars and angst-filled lyrics."",""Nirvana"",""The band that brought alternative rock to the mainstream with their landmark album Nevermind."",""Pearl Jam"",""A key group in the Seattle scene known for their passionate vocals and classic rock influence."",""Soundgarden"",""One of the earliest grunge bands, blending heavy metal riffs with psychedelic elements."",""Alice"",""A band known for their dark, heavy sound and the distinctive vocal harmonies of Layne Staley."",""3"",""Music""
817,""Legendary Bands"",""Iconic musical groups that have significantly influenced the history and development of popular music across various genres."",""Punk Rock Icons"",""Bands that championed a DIY ethic, fast tempos, and rebellious, often political, lyrical content."",""Clash"",""Often called The Only Band That Matters, they blended punk with reggae, dub, and rockabilly."",""Pistols"",""The definitive British punk band, known for their short, explosive career and anti-establishment stance."",""Ramones"",""The New York quartet that stripped rock down to its basics with fast, three-chord songs."",""Damned"",""The first UK punk band to release a single, known for their gothic and theatrical elements."",""1"",""Music""
818,""Legendary Bands"",""Iconic musical groups that have significantly influenced the history and development of popular music across various genres."",""Heavy Metal Titans"",""Groups that defined the sound and aesthetic of heavy metal with fast tempos and aggressive musicianship."",""Maiden"",""Leaders of the New Wave of British Heavy Metal, famous for their twin-guitar harmonies and mascot Eddie."",""Metallica"",""The band that popularized thrash metal and became one of the biggest musical acts in the world."",""Priest"",""A foundational metal band known for their leather-and-studs image and powerful dual guitar attack."",""Megadeth"",""A thrash metal pioneer known for technical complexity and the distinctive vocals of Dave Mustaine."",""5"",""Music""
819,""Legendary Bands"",""Iconic musical groups that have significantly influenced the history and development of popular music across various genres."",""New Wave Stars"",""A diverse genre from the late 1970s and 1980s that incorporated synthesizers and pop sensibilities into rock."",""Cure"",""A band that moved from post-punk to gothic rock and eventually achieved massive pop success."",""Depeche"",""Pioneers of electronic music who transitioned from synth-pop to a darker, stadium-filling sound."",""Duran"",""Icons of the MTV era known for their stylish music videos and catchy synth-driven pop-rock."",""Police"",""A trio that blended rock, reggae, and jazz into a unique and highly successful sound."",""3"",""Music""
820,""Orbit"",""The curved path of a celestial object or spacecraft around a star, planet, or moon, typically a periodic elliptical revolution."",""Celestial Mechanics"",""The branch of astronomy that deals with the motions of objects in outer space based on gravitational laws."",""Perigee"",""The point in the orbit of the moon or a satellite at which it is nearest to the earth."",""Apogee"",""The point in the orbit of the moon or a satellite at which it is furthest from the earth."",""Eccentricity"",""A parameter that determines the amount by which an orbit around another body deviates from a perfect circle."",""Inclination"",""The angle between the orbital plane of a satellite and the equatorial plane of the planet it orbits."",""5"",""Science""
821,""Orbit"",""The curved path of a celestial object or spacecraft around a star, planet, or moon, typically a periodic elliptical revolution."",""Spacecraft Operations"",""The technical processes and maneuvers required to maintain or change the path of a vehicle in space."",""Insertion"",""The maneuver used to place a spacecraft into a specific path around a celestial body."",""Maneuver"",""A planned movement or series of moves involving a change in velocity or direction in space."",""Stationkeeping"",""The use of thrusters to maintain a spacecraft in its assigned orbital slot or orientation."",""Deorbit"",""The process of changing a spacecraft's path to cause it to enter the atmosphere of a planet."",""3"",""Technology""
822,""Orbit"",""The curved path of a celestial object or spacecraft around a star, planet, or moon, typically a periodic elliptical revolution."",""Planetary Bodies"",""Natural physical entities such as planets or moons that follow a specific path around a larger mass."",""Satellite"",""A celestial body or artificial object that moves in a curved path around a planet or star."",""Moon"",""A natural satellite that revolves around a planet, reflecting light from a star."",""Planet"",""A large celestial body that revolves around a star and has cleared its own orbital neighborhood."",""Asteroid"",""A small rocky body orbiting the sun, often found in a belt between Mars and Jupiter."",""1"",""Nature""
823,""Orbit"",""The curved path of a celestial object or spacecraft around a star, planet, or moon, typically a periodic elliptical revolution."",""Historical Discoveries"",""Significant milestones and individuals in the history of science who defined how objects move in space."",""Kepler"",""The astronomer who formulated the three laws of planetary motion describing elliptical paths."",""Copernicus"",""The scientist who proposed the heliocentric model where planets revolve around the sun."",""Galileo"",""The physicist who used a telescope to discover moons orbiting Jupiter, supporting new theories."",""Newton"",""The scientist who described universal gravitation, explaining why objects stay in their paths."",""3"",""History""
824,""Orbit"",""The curved path of a celestial object or spacecraft around a star, planet, or moon, typically a periodic elliptical revolution."",""Satellite Communications"",""The use of artificial satellites to provide telecommunication links between various points on Earth."",""Geostationary"",""An orbit that allows a satellite to remain fixed over a single point on the Earth's surface."",""Uplink"",""The signal path from a ground station on Earth to a satellite in space."",""Downlink"",""The signal path from a satellite in space to a receiving station on the ground."",""Transponder"",""A device on a satellite that receives a signal and retransmits it at a different frequency."",""5"",""Technology""
825,""Orbit"",""The curved path of a celestial object or spacecraft around a star, planet, or moon, typically a periodic elliptical revolution."",""Physics Concepts"",""Fundamental principles of matter and energy that govern the movement of objects through a vacuum."",""Gravity"",""The force that attracts a body toward the center of the earth or toward any other physical body."",""Velocity"",""The speed of an object in a given direction, crucial for maintaining a stable path in space."",""Centripetal"",""The force acting on a moving body in a circular path, directed toward the center of rotation."",""Momentum"",""The quantity of motion of a moving body, measured as a product of its mass and velocity."",""3"",""Science""
826,""Orbit"",""The curved path of a celestial object or spacecraft around a star, planet, or moon, typically a periodic elliptical revolution."",""Space Exploration Missions"",""Specific scientific endeavors launched to study celestial bodies and the mechanics of their paths."",""Apollo"",""A series of space missions that successfully placed humans in the moon's path and on its surface."",""Voyager"",""Space probes launched to study the outer solar system and the paths of the giant planets."",""Cassini"",""A mission designed to study Saturn and its complex system of rings and orbiting moons."",""Hubble"",""A space telescope that orbits the Earth to provide clear images of distant galaxies and stars."",""1"",""Science""
827,""Premiere"",""The first public performance or showing of a play, film, or other work of art, marking its official debut."",""Film Premiere"",""The inaugural screening of a motion picture, often featuring red carpets and celebrity appearances."",""Red Carpet"",""A long, red floor covering used for VIPs to walk on during special ceremonial events."",""Screening"",""The showing of a motion picture or television program for an audience."",""Blockbuster"",""A highly popular and financially successful film or other entertainment product."",""Paparazzi"",""Freelance photographers who pursue celebrities to take candid pictures of them."",""5"",""Movies""
828,""Premiere"",""The first public performance or showing of a play, film, or other work of art, marking its official debut."",""Theater Premiere"",""The debut performance of a stage play or musical production before a live audience in a theater."",""Playwright"",""A person who writes plays for the theater, responsible for the script and dialogue."",""Intermission"",""A short break between the parts of a performance, such as a play or concert."",""Curtain Call"",""The appearance of performers at the end of a show to receive applause from the audience."",""Monologue"",""A long speech by one actor in a play or movie, or as part of a theatrical program."",""3"",""Art""
829,""Premiere"",""The first public performance or showing of a play, film, or other work of art, marking its official debut."",""Musical Premiere"",""The first public presentation of a new musical composition, symphony, or opera to an audience."",""Conductor"",""A person who directs the performance of an orchestra or choir with visible gestures."",""Overture"",""An orchestral piece at the beginning of an opera, suite, play, or oratorio."",""Libretto"",""The text of an opera or other long vocal work, containing the lyrics and dialogue."",""Symphony"",""An elaborate musical composition for full orchestra, typically in four movements."",""5"",""Music""
830,""Premiere"",""The first public performance or showing of a play, film, or other work of art, marking its official debut."",""Television Premiere"",""The first broadcast of a new television series or a specific season episode to the general public."",""Pilot"",""A standalone episode of a television series that is used to sell the show to a network."",""Ratings"",""A measurement of the size and composition of the audience for a particular program."",""Broadcast"",""The transmission of programs or information by radio or television to the public."",""Showrunner"",""The person who has overall creative authority and management responsibility for a TV show."",""1"",""Television""
831,""Premiere"",""The first public performance or showing of a play, film, or other work of art, marking its official debut."",""Fashion Premiere"",""The first unveiling of a designer's new collection, typically during a high-profile runway show."",""Runway"",""A narrow, elevated platform used by models to demonstrate clothing during a fashion show."",""Couture"",""The design and manufacture of fashionable clothes to a client's specific requirements."",""Designer"",""A person who plans the look or workings of something prior to it being made."",""Mannequin"",""A dummy used to display clothes in a store window or during a fashion presentation."",""3"",""Lifestyle""
832,""Premiere"",""The first public performance or showing of a play, film, or other work of art, marking its official debut."",""Product Premiere"",""The official launch event where a new consumer product or technological innovation is introduced."",""Prototype"",""A first, typical or preliminary model of something from which other forms are developed."",""Keynote"",""A central speech that establishes the main underlying theme of a conference or event."",""Consumer"",""A person who purchases goods and services for personal use rather than for resale."",""Innovation"",""The action or process of innovating a new method, idea, or product for the market."",""5"",""Technology""
833,""Premiere"",""The first public performance or showing of a play, film, or other work of art, marking its official debut."",""Literary Premiere"",""The initial release or launch event for a new book, novel, or significant written work to readers."",""Manuscript"",""A book, document, or piece of music written by hand rather than typed or printed."",""Publisher"",""A company or person that prepares and issues books, journals, or music for sale."",""Anthology"",""A published collection of poems or other pieces of writing by various authors."",""Hardcover"",""A book bound with rigid protective covers, typically cloth, paper, or leather."",""1"",""Literature""
834,""Prophecies"",""Predictions of future events, often believed to be divinely inspired or derived from supernatural sources."",""Ancient Oracles"",""Sacred sites and individuals in antiquity believed to communicate divine messages about the future."",""Delphi"",""The site of the most famous oracle in ancient Greece, dedicated to the god Apollo."",""Pythia"",""The high priestess of the Temple of Apollo who delivered oracular prophecies."",""Sibyl"",""A woman in antiquity reputed to possess powers of prophecy and divine inspiration."",""Augury"",""The practice of interpreting omens from the flight of birds or other natural signs."",""5"",""History""
835,""Prophecies"",""Predictions of future events, often believed to be divinely inspired or derived from supernatural sources."",""Biblical Prophecies"",""Messages and visions recorded in religious texts foretelling significant spiritual or historical events."",""Apocalypse"",""A prophetic disclosure or revelation of the ultimate destruction of the world."",""Messiah"",""A promised deliverer of a people or group, often foretold in religious prophecy."",""Revelation"",""The divine or supernatural disclosure to humans of something relating to existence."",""Covenant"",""A formal agreement or promise between God and his people as described in scripture."",""3"",""Religion""
836,""Prophecies"",""Predictions of future events, often believed to be divinely inspired or derived from supernatural sources."",""Modern Divination"",""Contemporary practices used to gain insight into the future through symbolic or mystical means."",""Tarot"",""A set of playing cards used for fortune-telling and gaining spiritual insight."",""Astrology"",""The study of the movements and positions of celestial bodies to predict the future."",""Palmistry"",""The practice of foretelling the future through the study of the lines on the palm."",""Numerology"",""The belief in a divine or mystical relationship between a number and coinciding events."",""1"",""Lifestyle""
837,""Prophecies"",""Predictions of future events, often believed to be divinely inspired or derived from supernatural sources."",""Literary Foreshadowing"",""Narrative techniques used by authors to hint at future plot developments within a story."",""Omen"",""An event regarded as a portent of good or evil, signaling future consequences."",""Harbinger"",""A person or thing that announces or signals the approach of another event."",""Symbolism"",""The use of symbols to represent ideas or qualities that hint at future outcomes."",""Prologue"",""An introductory section of a literary work that often sets the stage for future events."",""3"",""Literature""
838,""Prophecies"",""Predictions of future events, often believed to be divinely inspired or derived from supernatural sources."",""Scientific Forecasting"",""The use of data and models to predict future trends or occurrences in the natural world."",""Meteorology"",""The scientific study of the atmosphere that focuses on weather processes and forecasting."",""Projection"",""An estimate or forecast of a future situation based on a study of present trends."",""Simulation"",""The imitation of a real-world process or system over time to predict outcomes."",""Probability"",""The extent to which an event is likely to occur, measured by the ratio of cases."",""5"",""Science""
839,""Prophecies"",""Predictions of future events, often believed to be divinely inspired or derived from supernatural sources."",""Cinematic Visions"",""Depictions of future societies or events within the medium of film and motion pictures."",""Dystopia"",""An imagined state or society in which there is great suffering or injustice."",""Cyberpunk"",""A genre of science fiction set in a lawless subculture of an oppressive society."",""Hologram"",""A three-dimensional image formed by the interference of light beams from a laser."",""Android"",""A robot with a human appearance, often featured in futuristic cinematic visions."",""1"",""Movies""
840,""Prophecies"",""Predictions of future events, often believed to be divinely inspired or derived from supernatural sources."",""Technological Predictions"",""Speculative ideas regarding the future development and impact of advanced machinery and software."",""Singularity"",""A hypothetical point in time at which technological growth becomes uncontrollable."",""Automation"",""The use of largely automatic equipment in a system of manufacturing or production."",""Nanotech"",""The branch of technology that deals with dimensions and tolerances of less than 100nm."",""Metaverse"",""A virtual-reality space in which users can interact with a computer-generated environment."",""3"",""Technology""
841,""Robin Hood"",""A legendary heroic outlaw in English folklore who was a highly skilled archer and swordsman, known for robbing from the rich and giving to the poor."",""Merry Men"",""The band of outlaws who followed Robin Hood and lived with him in the forest to fight against injustice."",""Little John"",""Robin's second-in-command, a large man despite his name."",""Friar Tuck"",""A jovial and stout monk who serves as the group's spiritual advisor."",""Will Scarlet"",""A skilled swordsman and one of the youngest members of the band."",""Much the Miller's Son"",""One of the original Merry Men who provides food and support."",""1"",""Literature""
842,""Robin Hood"",""A legendary heroic outlaw in English folklore who was a highly skilled archer and swordsman, known for robbing from the rich and giving to the poor."",""Archery"",""The primary skill and weapon used by Robin Hood and his men for hunting and defense in the woods."",""Longbow"",""A powerful type of medieval bow that was tall and made from a single piece of wood."",""Quiver"",""A container for holding arrows that is typically worn on the back or belt."",""Fletching"",""The feathers attached to the end of an arrow to help it fly straight."",""Bullseye"",""The center of a target that Robin Hood famously splits with his arrows."",""3"",""Sports""
843,""Robin Hood"",""A legendary heroic outlaw in English folklore who was a highly skilled archer and swordsman, known for robbing from the rich and giving to the poor."",""Locations"",""The geographical settings where the legends of Robin Hood and his band of outlaws take place."",""Sherwood Forest"",""The royal forest in Nottinghamshire that served as the primary hideout for the outlaws."",""Nottingham"",""The town where the Sheriff resides and the primary site of conflict."",""Major Oak"",""A massive ancient tree in Sherwood Forest said to be Robin's headquarters."",""Barnsdale"",""An area in Yorkshire that is often cited in early ballads as a home for Robin."",""1"",""Geography""
844,""Robin Hood"",""A legendary heroic outlaw in English folklore who was a highly skilled archer and swordsman, known for robbing from the rich and giving to the poor."",""Adversaries"",""The primary antagonists who represent the corrupt authority Robin Hood fights against."",""Sheriff"",""The high official of Nottingham who is the primary enemy of Robin Hood."",""Prince John"",""The treacherous royal who usurps the throne while King Richard is away."",""Guy of Gisborne"",""A ruthless assassin and henchman often hired to capture or kill Robin."",""King John"",""The historical monarch often portrayed as a villain in later Robin Hood stories."",""3"",""History""
845,""Robin Hood"",""A legendary heroic outlaw in English folklore who was a highly skilled archer and swordsman, known for robbing from the rich and giving to the poor."",""Romantic Interests"",""The personal relationships and love interests that humanize the legendary outlaw."",""Maid Marian"",""The noblewoman and love interest of Robin Hood who often assists the outlaws."",""Courtship"",""The period of developing a romantic relationship between Robin and Marian."",""Betrothal"",""A formal agreement to marry, often complicated by Marian's noble status."",""Lady-in-waiting"",""The social position Marian often holds within the royal court or noble household."",""5"",""Literature""
846,""Robin Hood"",""A legendary heroic outlaw in English folklore who was a highly skilled archer and swordsman, known for robbing from the rich and giving to the poor."",""Outlaw Lifestyle"",""The daily activities and methods used by the Merry Men to survive outside the law."",""Poaching"",""The illegal hunting of the King's deer in the royal forest for food."",""Ambush"",""A surprise attack used by the outlaws to rob wealthy travelers on the road."",""Ransom"",""Money demanded for the release of wealthy captives taken by the Merry Men."",""Hideout"",""A secret place where the outlaws live and store their stolen goods."",""5"",""Lifestyle""
847,""Robin Hood"",""A legendary heroic outlaw in English folklore who was a highly skilled archer and swordsman, known for robbing from the rich and giving to the poor."",""Media Adaptations"",""The various ways the legend of Robin Hood has been retold through different forms of entertainment."",""Ballad"",""The original form of storytelling used to spread the legends of Robin Hood."",""Cinema"",""The numerous film versions that have brought the outlaw's story to the big screen."",""Animation"",""Cartoons and animated films that depict Robin Hood as various characters."",""Folklore"",""The traditional beliefs and stories passed down through generations about the hero."",""3"",""Movies""
848,""Rockets"",""A vehicle or device that gains thrust from a rocket engine, used for space exploration, military, or scientific purposes."",""Propulsion Systems"",""The various methods and engines used to generate thrust for a rocket to overcome gravity."",""Liquid Fuel"",""Propellant consisting of liquid oxidizer and fuel stored in separate tanks."",""Solid Fuel"",""A propellant mixture of fuel and oxidizer in a solid form that burns steadily."",""Ion Thruster"",""An electric propulsion system that accelerates ions to create efficient thrust."",""Hypergolic"",""Propellants that ignite spontaneously upon contact with each other without a spark."",""5"",""Science""
849,""Rockets"",""A vehicle or device that gains thrust from a rocket engine, used for space exploration, military, or scientific purposes."",""Historical Rockets"",""Early rocket designs and missiles that paved the way for modern space exploration."",""V-2 Rocket"",""The world's first long-range guided ballistic missile developed by Germany."",""Sputnik"",""The first artificial Earth satellite launched by the Soviet Union in 1957."",""Saturn V"",""The massive American rocket used for the Apollo lunar landing missions."",""R-7 Semyorka"",""The Soviet missile that became the basis for the reliable Soyuz launcher."",""3"",""History""
850,""Rockets"",""A vehicle or device that gains thrust from a rocket engine, used for space exploration, military, or scientific purposes."",""Rocket Components"",""The physical parts and structural elements that make up a complete rocket assembly."",""Payload"",""The cargo, satellites, or passengers carried by a rocket into space."",""Fairing"",""A nose cone used to protect the payload against aerodynamic heating and pressure."",""Gimbal"",""A pivoted support that allows the engine to tilt for steering the rocket."",""Stage"",""A self-contained section of a rocket that is discarded after its fuel is spent."",""1"",""Technology""
851,""Rockets"",""A vehicle or device that gains thrust from a rocket engine, used for space exploration, military, or scientific purposes."",""Space Agencies"",""National and international organizations responsible for rocket development and exploration."",""NASA"",""The United States government agency responsible for the civilian space program."",""ESA"",""An intergovernmental organization dedicated to the exploration of space in Europe."",""ISRO"",""The national space agency of India, known for cost-effective lunar missions."",""Roscosmos"",""The state corporation responsible for space flights and cosmonautics in Russia."",""3"",""Science""
852,""Rockets"",""A vehicle or device that gains thrust from a rocket engine, used for space exploration, military, or scientific purposes."",""Famous Missions"",""Specific spaceflight operations that utilized rockets to achieve significant milestones."",""Apollo 11"",""The mission that successfully landed the first humans on the Moon in 1969."",""Voyager 1"",""A space probe launched to study the outer Solar System and interstellar space."",""Artemis"",""A modern lunar exploration program aiming to return humans to the Moon."",""Mars 2020"",""The mission featuring the Perseverance rover to search for signs of ancient life."",""5"",""Science""
853,""Rockets"",""A vehicle or device that gains thrust from a rocket engine, used for space exploration, military, or scientific purposes."",""Launch Facilities"",""Specialized sites equipped with pads and infrastructure for launching rockets into orbit."",""Baikonur"",""The world's first and largest operational space launch facility in Kazakhstan."",""Cape Canaveral"",""A major American spaceport located on the coast of Florida."",""Kourou"",""The site of the Guiana Space Centre used by the European Space Agency."",""Tanegashima"",""A Japanese spaceport located on an island south of the mainland."",""3"",""Geography""
854,""Rockets"",""A vehicle or device that gains thrust from a rocket engine, used for space exploration, military, or scientific purposes."",""Orbital Mechanics"",""The application of ballistics and celestial mechanics to the motion of rockets."",""Perigee"",""The point in an orbit where a satellite is closest to the Earth."",""Apogee"",""The point in an orbit where a satellite is farthest from the Earth."",""Delta-v"",""The change in velocity required to perform a specific orbital maneuver."",""Trajectory"",""The path that a rocket follows through space under the influence of forces."",""5"",""Science""
855,""Satellites"",""Artificial or natural bodies orbiting a planet or star, used for communication, research, or observation."",""Communication Satellites"",""Satellites designed to relay and amplify radio telecommunications signals via a transponder."",""Broadband"",""High-capacity transmission technique using a wide range of frequencies."",""Uplink"",""The transmission path from an earth station to a satellite."",""Transponder"",""A device that receives a signal and retransmits it at a different frequency."",""Geostationary"",""An orbit that keeps the satellite fixed over a single point on Earth."",""3"",""Technology""
856,""Satellites"",""Artificial or natural bodies orbiting a planet or star, used for communication, research, or observation."",""Earth Observation"",""Satellites used for environmental monitoring, meteorology, and map making."",""Remote Sensing"",""The acquisition of information about an object without making physical contact."",""Landsat"",""A series of satellite missions for gathering data on Earth's land surface."",""Spectrometer"",""An instrument used to measure properties of light over a specific portion of the spectrum."",""Resolution"",""The level of detail visible in a satellite image."",""5"",""Science""
857,""Satellites"",""Artificial or natural bodies orbiting a planet or star, used for communication, research, or observation."",""Navigation Systems"",""Satellite constellations that provide autonomous geo-spatial positioning with global coverage."",""GPS"",""A global navigation satellite system owned by the United States government."",""Trilateration"",""Determining absolute or relative locations of points by measurement of distances."",""Galileo"",""The global navigation satellite system created by the European Union."",""Receiver"",""A device that captures signals from satellites to determine location."",""1"",""Transportation""
858,""Satellites"",""Artificial or natural bodies orbiting a planet or star, used for communication, research, or observation."",""Space Research"",""Satellites launched to study the universe, stars, and other celestial bodies from orbit."",""Hubble"",""A large space telescope that has provided deep views of the universe."",""Orbit"",""The curved path of a celestial object or spacecraft around a star or planet."",""Payload"",""The carrying capacity of an aircraft or launch vehicle, usually scientific instruments."",""Deep Space"",""The regions of space beyond the Earth-Moon system."",""5"",""Science""
859,""Satellites"",""Artificial or natural bodies orbiting a planet or star, used for communication, research, or observation."",""Military & Reconnaissance"",""Satellites used for intelligence gathering, surveillance, and secure military communications."",""Spy Satellite"",""An Earth observation satellite deployed for military or intelligence applications."",""Encryption"",""The process of converting information into a code to prevent unauthorized access."",""Signal"",""An electromagnetic impulse used to transmit data between points."",""Stealth"",""Technology designed to make a satellite less visible to radar or detection."",""3"",""Politics""
860,""Satellites"",""Artificial or natural bodies orbiting a planet or star, used for communication, research, or observation."",""Weather Monitoring"",""Satellites primarily used to monitor the weather and climate of the Earth."",""Doppler"",""A radar tracking system using the Doppler effect to determine velocity."",""Infrared"",""Radiation used by satellites to detect heat patterns and cloud cover."",""Cyclone"",""A system of winds rotating inward to an area of low atmospheric pressure."",""Forecast"",""A prediction of future weather conditions based on satellite data."",""1"",""Nature""
861,""Satellites"",""Artificial or natural bodies orbiting a planet or star, used for communication, research, or observation."",""Satellite Components"",""The physical parts and systems that make up a functional orbiting satellite."",""Solar Panel"",""A device that converts sunlight into electricity to power the satellite."",""Thruster"",""A small engine used to adjust the position or orientation of a satellite."",""Antenna"",""A rod or wire used to transmit or receive radio or television signals."",""Bus"",""The structural frame of a satellite that holds all the instruments."",""3"",""Technology""
862,""Scripts"",""A written version of a play, movie, or broadcast, or a sequence of instructions for a computer program to execute."",""Screenwriting"",""Screenwriting is the art and craft of writing scripts for mass media such as feature films or television productions."",""Protagonist"",""The leading character or one of the major characters in a drama, movie, novel, or other fictional text."",""Dialogue"",""The conversation between characters in a script that advances the plot and reveals personality traits."",""Scene"",""A sequence of continuous action in a play, movie, opera, or book that takes place in a single location."",""Screenplay"",""The written text of a movie, including instructions for what the audience will see and hear on screen."",""3"",""Movies""
863,""Scripts"",""A written version of a play, movie, or broadcast, or a sequence of instructions for a computer program to execute."",""Programming"",""Programming scripts are sets of instructions that are executed by a computer to automate tasks or control software behavior."",""Python"",""A high-level, interpreted programming language known for its readability and versatility in scripting tasks."",""Syntax"",""The set of rules that defines the combinations of symbols that are considered to be correctly structured in a language."",""Compiler"",""A program that translates code written in a high-level programming language into machine code for execution."",""Automation"",""The use of scripts and technology to perform tasks with reduced human intervention to increase efficiency."",""5"",""Technology""
864,""Scripts"",""A written version of a play, movie, or broadcast, or a sequence of instructions for a computer program to execute."",""Calligraphy"",""Calligraphy involves the design and execution of lettering with a pen, ink brush, or other writing instrument."",""Cursive"",""A style of writing in which the letters of a word are joined together, often used for elegant script."",""Ink"",""A colored liquid or paste used for writing, drawing, printing, or duplicating text and artistic scripts."",""Quill"",""A writing tool made from a moulted flight feather of a large bird, used for traditional script and calligraphy."",""Typography"",""The art and technique of arranging type to make written language legible, readable, and appealing when displayed."",""1"",""Art""
865,""Scripts"",""A written version of a play, movie, or broadcast, or a sequence of instructions for a computer program to execute."",""Medical Prescriptions"",""Medical scripts are written instructions from a physician to a pharmacist regarding the preparation and use of medicine."",""Dosage"",""The size or frequency of a dose of a medicine or drug as specified in a medical script or prescription."",""Pharmacy"",""A shop or hospital department where medicinal drugs are prepared or sold according to a doctor's script."",""Physician"",""A person qualified to practice medicine who writes scripts for patients to receive specific treatments or drugs."",""Medication"",""A substance used for medical treatment, especially a medicine or drug prescribed in a formal script."",""3"",""Health""
866,""Scripts"",""A written version of a play, movie, or broadcast, or a sequence of instructions for a computer program to execute."",""Theater Plays"",""Theater scripts provide the dialogue and stage directions for actors and directors to follow during a live performance."",""Monologue"",""A long speech by one actor in a play or movie, or as part of a theatrical or broadcast program."",""Act"",""A main division of a play, ballet, or opera, consisting of one or more scenes within the script."",""Stagecraft"",""Skill or experience in writing or staging plays, including the technical aspects of theatrical production."",""Manuscript"",""A book, document, or piece of music written by hand rather than typed or printed, often an early script."",""3"",""Literature""
867,""Scripts"",""A written version of a play, movie, or broadcast, or a sequence of instructions for a computer program to execute."",""Ancient Writing"",""Ancient scripts refer to the early systems of writing developed by civilizations to record information and history."",""Hieroglyphs"",""A character of the ancient Egyptian writing system, consisting of pictorial representations of objects."",""Cuneiform"",""Denoting or relating to the wedge-shaped characters used in the ancient writing systems of Mesopotamia."",""Scribe"",""A person who copies out documents, especially one employed to do this before printing was invented."",""Papyrus"",""A material prepared in ancient Egypt from the pithy stem of a water plant, used in sheets for writing scripts."",""5"",""History""
868,""Scripts"",""A written version of a play, movie, or broadcast, or a sequence of instructions for a computer program to execute."",""Broadcast Media"",""Broadcast scripts are written documents used by news anchors and presenters to guide the flow of a television or radio show."",""Teleprompter"",""A device used in television to project a speaker's script onto a screen in front of the camera lens."",""Segment"",""A discrete part of a television or radio program that follows a specific portion of the overall script."",""Announcer"",""A person who introduces programs or reads news and advertisements on television or radio from a script."",""Transcript"",""A written or printed version of material originally presented in another medium, such as a broadcast script."",""1"",""Television""
869,""CIA"",""The Central Intelligence Agency is a civilian foreign intelligence service of the federal government of the United States."",""Intelligence Gathering"",""The process of collecting information from various sources to support national security and foreign policy."",""HUMINT"",""Intelligence gathered through interpersonal contact and direct communication with human sources."",""SIGINT"",""Intelligence derived from the interception of electronic signals and communication systems."",""OSINT"",""Intelligence collected from publicly available sources such as news, social media, and reports."",""GEOINT"",""Intelligence derived from the exploitation and analysis of imagery and geospatial information."",""5"",""Politics""
870,""CIA"",""The Central Intelligence Agency is a civilian foreign intelligence service of the federal government of the United States."",""Organizational Structure"",""The internal framework and hierarchy that defines how the agency operates and manages its personnel."",""Directorate"",""A major division within the agency responsible for specific functions like operations or science."",""Analyst"",""A professional who interprets raw data to produce finished intelligence reports for policymakers."",""Station Chief"",""The top official in a specific foreign location or base who oversees local operations."",""Paramilitary"",""Specialized units trained for combat and covert action in hostile or denied environments."",""3"",""Politics""
871,""CIA"",""The Central Intelligence Agency is a civilian foreign intelligence service of the federal government of the United States."",""Famous Operations"",""Significant historical missions and covert actions undertaken by the agency throughout its existence."",""MKUltra"",""A secret program involving human experimentation and mind control research during the Cold War."",""Bay of Pigs"",""A failed military invasion of Cuba in 1961 intended to overthrow the government."",""Argo"",""A mission to rescue American diplomats during the Iran hostage crisis using a fake film crew."",""Cyclone"",""A program to arm and finance the mujahideen in Afghanistan against the Soviet Union."",""5"",""History""
872,""CIA"",""The Central Intelligence Agency is a civilian foreign intelligence service of the federal government of the United States."",""Espionage Tools"",""Specialized equipment and techniques used by field agents to conduct clandestine activities."",""Microdot"",""A photographic reduction of a document to the size of a tiny dot to hide information."",""Dead Drop"",""A method of passing items between two people using a secret location to avoid meeting."",""Polygraph"",""A device used to detect lies by measuring physiological responses during questioning."",""Cyanide"",""A lethal chemical often provided to agents for use in extreme capture scenarios to prevent leaks."",""3"",""Technology""
873,""CIA"",""The Central Intelligence Agency is a civilian foreign intelligence service of the federal government of the United States."",""Key Locations"",""Geographical sites and facilities central to the operations and training of agency personnel."",""Langley"",""The headquarters of the agency located in Virginia, serving as its administrative center."",""The Farm"",""A nickname for the secret training facility where field officers learn tradecraft."",""Safehouse"",""A secure location used for hiding agents or conducting secret meetings away from surveillance."",""Blacksite"",""A secret facility used for detention and interrogation outside of standard legal jurisdictions."",""1"",""Geography""
874,""CIA"",""The Central Intelligence Agency is a civilian foreign intelligence service of the federal government of the United States."",""Cryptography"",""The science of securing communication through codes and ciphers to prevent unauthorized access."",""Cipher"",""An algorithm for performing encryption or decryption of messages to keep them secret."",""One-time pad"",""An encryption technique that cannot be cracked if the key is truly random and used once."",""Steganography"",""The practice of concealing a file, message, or image within another non-secret file."",""Decryption"",""The process of converting encrypted data back into its original, readable form."",""5"",""Science""
875,""CIA"",""The Central Intelligence Agency is a civilian foreign intelligence service of the federal government of the United States."",""Counterintelligence"",""Activities designed to prevent foreign intelligence services from gathering secret information."",""Mole"",""An agent who joins an organization to betray its secrets to an enemy intelligence service."",""Defector"",""A person who gives up allegiance to one country in exchange for protection in another."",""Double Agent"",""An agent who pretends to act for one side while actually serving a rival organization."",""Surveillance"",""The close observation of a person or group to gather information and monitor activities."",""3"",""Politics""
876,""Seltzer"",""A carbonated water beverage often flavored with fruit essences or minerals, known for its refreshing and bubbly nature."",""Carbonation Process"",""The industrial or natural method of dissolving carbon dioxide gas into water under high pressure."",""Carbon Dioxide"",""The gas responsible for creating the characteristic bubbles and fizz in seltzer water."",""Pressure"",""The physical force applied to gas to ensure it dissolves effectively into the liquid base."",""Infusion"",""The process of adding flavors or gases into a liquid to enhance its taste or texture."",""Filtration"",""The purification step where water is cleared of impurities before carbonation occurs."",""3"",""Science""
877,""Seltzer"",""A carbonated water beverage often flavored with fruit essences or minerals, known for its refreshing and bubbly nature."",""Fruit Essences"",""Natural oils and extracts derived from fruits used to provide aroma and taste without calories."",""Citrus"",""A popular flavor profile including lemon, lime, and grapefruit known for its tartness."",""Berry"",""Sweet and tangy notes derived from fruits like strawberries, raspberries, or blackberries."",""Botanical"",""Herbal or floral additions such as hibiscus or cucumber that offer a sophisticated taste."",""Zest"",""The outer peel of citrus fruits used to provide intense aromatic oils to the beverage."",""1"",""Food""
878,""Seltzer"",""A carbonated water beverage often flavored with fruit essences or minerals, known for its refreshing and bubbly nature."",""Market Leaders"",""The major commercial entities and manufacturers that dominate the global seltzer industry."",""LaCroix"",""A prominent American brand credited with sparking the modern flavored seltzer craze."",""Perrier"",""A French brand of natural bottled mineral water known for its iconic green glass bottles."",""Bubly"",""A popular brand owned by PepsiCo featuring bright packaging and diverse fruit flavors."",""Topo Chico"",""A Mexican sparkling mineral water brand famous for its high carbonation levels."",""5"",""Economics""
879,""Seltzer"",""A carbonated water beverage often flavored with fruit essences or minerals, known for its refreshing and bubbly nature."",""Cocktail Components"",""The use of seltzer as a versatile mixer in alcoholic and non-alcoholic drink recipes."",""Spritz"",""A wine-based cocktail commonly made with prosecco, bitters, and a splash of seltzer."",""Highball"",""A type of drink consisting of a spirit base and a larger proportion of a carbonated mixer."",""Garnish"",""Decorative items like lime wedges or mint leaves added to enhance the drink's presentation."",""Mocktail"",""A non-alcoholic beverage that often uses seltzer to mimic the mouthfeel of a cocktail."",""3"",""Lifestyle""
880,""Seltzer"",""A carbonated water beverage often flavored with fruit essences or minerals, known for its refreshing and bubbly nature."",""Historical Origins"",""The chronological development of carbonated water from natural springs to modern manufacturing."",""Niederselters"",""The German town famous for its natural springs, giving seltzer its original name."",""Joseph Priestley"",""The scientist who first discovered a method to infuse water with carbon dioxide in 1767."",""Syphon"",""A specialized bottle designed to dispense carbonated water while maintaining its internal pressure."",""Apothecary"",""Historical pharmacies where carbonated water was originally sold for its supposed medicinal properties."",""5"",""History""
881,""Seltzer"",""A carbonated water beverage often flavored with fruit essences or minerals, known for its refreshing and bubbly nature."",""Dietary Impact"",""The nutritional considerations and physiological effects of consuming carbonated water products."",""Hydration"",""The process of replacing body fluids, which seltzer performs as effectively as still water."",""Calorie-Free"",""A characteristic of pure seltzer making it a preferred choice for weight management."",""pH Level"",""The measure of acidity in the drink, which can affect dental enamel over long periods."",""Electrolytes"",""Minerals sometimes added to seltzer to help regulate nerve and muscle function."",""1"",""Health""
882,""Seltzer"",""A carbonated water beverage often flavored with fruit essences or minerals, known for its refreshing and bubbly nature."",""Container Technology"",""The materials and engineering used to store and transport carbonated beverages safely."",""Aluminum"",""A lightweight and recyclable metal used to create cans that keep seltzer cold and fizzy."",""PET Plastic"",""A common polymer used for bottles that is durable but has a higher gas permeability."",""Lining"",""A thin coating inside cans that prevents the beverage from reacting with the metal."",""Carbon Footprint"",""The environmental impact associated with the production and shipping of seltzer containers."",""3"",""Technology""
883,""Sequels"",""A creative work that follows a previous one, continuing the narrative or expanding upon the established world and characters."",""Cinematic Sagas"",""Film series that produce multiple installments to expand a story or explore a specific universe over several years."",""Godfather"",""A classic crime drama sequel often cited as being superior to the original masterpiece."",""Aliens"",""The action-oriented follow-up to Ridley Scott's original sci-fi horror masterpiece."",""Terminator"",""A landmark science fiction sequel that introduced groundbreaking visual effects and action."",""Avengers"",""A massive crossover event that serves as a sequel to multiple individual superhero films."",""5"",""Movies""
884,""Sequels"",""A creative work that follows a previous one, continuing the narrative or expanding upon the established world and characters."",""Gaming Franchises"",""Video game series that release successive titles to improve mechanics and continue digital narratives."",""Halo"",""A premier first-person shooter series that defined console multiplayer gaming for a generation."",""Zelda"",""An iconic adventure series where each entry builds upon the lore of the land of Hyrule."",""Fallout"",""A post-apocalyptic role-playing series that transitioned from isometric to first-person gameplay."",""Portal"",""A puzzle-based sequel that expanded the mechanics and narrative of the original short game."",""3"",""Gaming""
885,""Sequels"",""A creative work that follows a previous one, continuing the narrative or expanding upon the established world and characters."",""Literary Series"",""Books written as continuations of a previous story, often forming trilogies or long-running sagas."",""Odyssey"",""Homer's ancient epic poem that serves as a sequel to the events of the Iliad."",""Dune"",""A seminal science fiction novel that spawned numerous sequels exploring galactic politics."",""Foundation"",""Isaac Asimov's expansive series detailing the fall and rebirth of a galactic empire."",""Sherlock"",""The various collections of stories featuring the famous detective following his initial debut."",""5"",""Literature""
886,""Sequels"",""A creative work that follows a previous one, continuing the narrative or expanding upon the established world and characters."",""Television Spin-offs"",""New television programs derived from existing shows, focusing on specific characters or settings."",""Frasier"",""A highly successful sitcom that followed a character from the popular show Cheers."",""Angel"",""A dark supernatural drama that spun off from the popular Buffy the Vampire Slayer."",""Better Call Saul"",""A critically acclaimed prequel and sequel series to the crime drama Breaking Bad."",""Joey"",""A comedy series following a main character from the hit show Friends after it ended."",""3"",""Television""
887,""Sequels"",""A creative work that follows a previous one, continuing the narrative or expanding upon the established world and characters."",""Musical Variations"",""Musical compositions or sections that revisit and modify themes introduced earlier in a piece."",""Reprise"",""A repetition of an earlier musical theme or song within a larger performance or album."",""Movement"",""A self-contained part of a larger musical work, such as a symphony or concerto."",""Coda"",""A concluding passage of a piece or movement, typically forming an addition to the basic structure."",""Interlude"",""A short piece of music played between the main parts of a longer composition or play."",""1"",""Music""
888,""Sequels"",""A creative work that follows a previous one, continuing the narrative or expanding upon the established world and characters."",""Technological Iterations"",""Successive releases of hardware or software that improve upon the features of previous versions."",""Version"",""A specific edition or release of a software program or a piece of hardware."",""Upgrade"",""A new version of a product that provides improved features or better performance."",""Patch"",""A software update designed to fix bugs or improve the functionality of a program."",""Firmware"",""Permanent software programmed into a hardware device to control its basic operations."",""1"",""Technology""
889,""Sequels"",""A creative work that follows a previous one, continuing the narrative or expanding upon the established world and characters."",""Sports Tournaments"",""Competitive events that follow initial rounds, leading to a final determination of a champion."",""Rematch"",""A second contest between the same opponents, often following a controversial or close first game."",""Playoff"",""A series of games played after the regular season to determine the overall league champion."",""Final"",""The last match in a tournament series that decides the ultimate winner of the competition."",""Qualifier"",""A preliminary contest held to determine which participants can advance to the main event."",""1"",""Sports""
890,""KGB"",""The primary security agency for the Soviet Union from 1954 until 1991, acting as internal security, intelligence, and secret police."",""Espionage Techniques"",""The various clandestine methods and tradecraft used by intelligence officers to gather information and communicate."",""Dead drop"",""A method of passing items or information between two people using a secret location without meeting."",""Honeytrap"",""An investigative practice involving the use of romantic or sexual relationships for interpersonal monitoring."",""Signal"",""A visual or auditory sign used to communicate status or readiness between agents in the field."",""Brush pass"",""A brief, seemingly accidental physical contact between two agents to exchange items or information."",""3"",""History""
891,""KGB"",""The primary security agency for the Soviet Union from 1954 until 1991, acting as internal security, intelligence, and secret police."",""Internal Security"",""Operations and structures dedicated to maintaining domestic order and suppressing political opposition within the USSR."",""Lubyanka"",""The popular name for the headquarters of the KGB and its affiliated prison in Moscow."",""Gulag"",""A system of forced labor camps established during the Soviet era for political prisoners and criminals."",""Dissident"",""An individual who actively challenges an established political or religious system or policy."",""Censorship"",""The suppression of speech, public communication, or other information that may be considered harmful."",""5"",""Politics""
892,""KGB"",""The primary security agency for the Soviet Union from 1954 until 1991, acting as internal security, intelligence, and secret police."",""Famous Defectors"",""High-ranking officers or agents who abandoned the Soviet Union to provide secrets to Western intelligence agencies."",""Mitrokhin"",""A senior KGB archivist who defected to the United Kingdom with a massive collection of secret files."",""Gordievsky"",""A high-level KGB colonel who worked as a double agent for the British Secret Intelligence Service."",""Penkovsky"",""A Soviet military intelligence colonel who provided crucial information to the West during the Cold War."",""Yurchenko"",""A high-ranking KGB officer who defected to the United States before eventually returning to the USSR."",""5"",""History""
893,""KGB"",""The primary security agency for the Soviet Union from 1954 until 1991, acting as internal security, intelligence, and secret police."",""Intelligence Divisions"",""The organizational structure of the KGB, divided into directorates with specific functional responsibilities."",""First Directorate"",""The branch responsible for foreign intelligence gathering and clandestine operations outside the Soviet Union."",""Second Directorate"",""The division focused on internal political control and counter-intelligence within the USSR."",""Fifth Directorate"",""A department created to combat political dissent and monitor religious and ethnic minorities."",""Eighth Directorate"",""The section responsible for the management and monitoring of communications and cryptography."",""3"",""Politics""
894,""KGB"",""The primary security agency for the Soviet Union from 1954 until 1991, acting as internal security, intelligence, and secret police."",""Cold War Rivals"",""Foreign intelligence organizations that frequently engaged in espionage and counter-espionage against the KGB."",""CIA"",""The primary foreign intelligence service of the United States, often the main adversary of the KGB."",""MI6"",""The British foreign intelligence service responsible for gathering information overseas to support UK interests."",""Mossad"",""The national intelligence agency of Israel, known for its extensive operations and high-level efficiency."",""BND"",""The federal intelligence service of West Germany, which monitored Soviet activities during the Cold War."",""1"",""History""
895,""KGB"",""The primary security agency for the Soviet Union from 1954 until 1991, acting as internal security, intelligence, and secret police."",""Surveillance Tools"",""Technical equipment and devices utilized by agents to monitor targets and record confidential information."",""Bug"",""A hidden electronic listening device used to capture and transmit private conversations secretly."",""Microfilm"",""A film on which documents are photographed at a greatly reduced size for easy concealment and transport."",""Cryptography"",""The practice and study of techniques for secure communication in the presence of third parties."",""Radio"",""A device used for long-distance communication, often utilizing coded signals to avoid detection."",""3"",""Technology""
896,""KGB"",""The primary security agency for the Soviet Union from 1954 until 1991, acting as internal security, intelligence, and secret police."",""Historical Operations"",""Significant missions and strategic maneuvers conducted by the KGB to influence global politics and security."",""Trust"",""A counter-intelligence operation in the 1920s designed to identify and neutralize anti-Bolshevik elements."",""RYAN"",""A massive intelligence-gathering program launched to monitor signs of a potential nuclear first strike by the West."",""Vltava"",""A code name for operations related to the suppression of the Prague Spring in Czechoslovakia in 1968."",""Anadyr"",""The secret operation to deploy Soviet missiles, personnel, and equipment to Cuba during the Cold War."",""5"",""History""
897,""Smoothies"",""A thick, creamy beverage made from pureed raw fruit, vegetables, and sometimes dairy products, typically using a blender."",""Fruit Bases"",""The primary fruit components that provide the main flavor and natural sweetness to a smoothie blend."",""Banana"",""A yellow curved fruit with soft sweet flesh that provides a creamy texture to blended drinks."",""Strawberry"",""A red juicy fruit with tiny seeds on the surface, offering a tart and sweet flavor profile."",""Mango"",""A tropical stone fruit with sweet orange flesh that creates a very thick and smooth consistency."",""Pineapple"",""A tropical fruit with a tough outer skin and sweet, acidic yellow flesh that adds zest."",""1"",""Food""
898,""Smoothies"",""A thick, creamy beverage made from pureed raw fruit, vegetables, and sometimes dairy products, typically using a blender."",""Leafy Greens"",""Nutrient-dense green vegetables added to smoothies to increase fiber, vitamins, and mineral content."",""Spinach"",""A mild-tasting leafy green that blends easily and provides high amounts of iron and vitamin K."",""Kale"",""A fibrous green vegetable that is highly nutritious and often used in detox or green smoothies."",""Chard"",""A leafy vegetable with colorful stalks that adds a slightly earthy flavor and many antioxidants."",""Arugula"",""A peppery leafy green that can be used in small amounts to add a unique bite to fruit blends."",""3"",""Nature""
899,""Smoothies"",""A thick, creamy beverage made from pureed raw fruit, vegetables, and sometimes dairy products, typically using a blender."",""Liquid Bases"",""The fluid component used to help the blender process solid ingredients and achieve the desired drinkable consistency."",""Almond Milk"",""A plant-based milk made from almonds with a nutty flavor and low calorie count."",""Coconut Water"",""The clear liquid found inside young coconuts, known for being hydrating and rich in electrolytes."",""Oat Milk"",""A creamy dairy alternative made from soaked oats, popular for its neutral taste and texture."",""Orange Juice"",""A citrus liquid that adds vitamin C and a bright, acidic sweetness to fruit-based smoothies."",""1"",""Lifestyle""
900,""Smoothies"",""A thick, creamy beverage made from pureed raw fruit, vegetables, and sometimes dairy products, typically using a blender."",""Sweeteners"",""Natural or processed substances added to enhance the sugary taste of a smoothie when the fruit alone is not enough."",""Honey"",""A sweet, viscous substance made by bees that serves as a natural alternative to refined sugar."",""Agave Nectar"",""A syrup extracted from agave plants that is sweeter than honey and dissolves easily in cold liquids."",""Maple Syrup"",""A sap-derived sweetener from maple trees that adds a distinct rich flavor to autumn-themed drinks."",""Stevia"",""A zero-calorie sweetener derived from plant leaves, used for those monitoring sugar intake."",""3"",""Food""
901,""Smoothies"",""A thick, creamy beverage made from pureed raw fruit, vegetables, and sometimes dairy products, typically using a blender."",""Superfood Add-ins"",""Concentrated nutritional supplements added in small quantities to boost the health benefits of the beverage."",""Chia Seeds"",""Small black seeds that expand in liquid, adding healthy fats and a slightly gelatinous texture."",""Flaxseed"",""Ground seeds rich in omega-3 fatty acids and fiber, often added for heart health benefits."",""Spirulina"",""A blue-green algae powder that is extremely nutrient-dense and turns smoothies a deep green color."",""Goji Berries"",""Small red dried fruits known as a superfood for their high antioxidant and vitamin content."",""5"",""Health""
902,""Smoothies"",""A thick, creamy beverage made from pureed raw fruit, vegetables, and sometimes dairy products, typically using a blender."",""Blending Equipment"",""The mechanical tools and appliances required to pulverize ingredients into a smooth, uniform liquid state."",""Vitamix"",""A high-performance professional blender known for its ability to liquefy even the toughest seeds."",""Nutribullet"",""A compact personal blender designed for making single-serving smoothies quickly and efficiently."",""Immersion Blender"",""A handheld stick blender that can be used directly in a container to mix soft ingredients."",""Food Processor"",""A versatile kitchen appliance that can be used to chop frozen fruits before final blending."",""5"",""Technology""
903,""Smoothies"",""A thick, creamy beverage made from pureed raw fruit, vegetables, and sometimes dairy products, typically using a blender."",""Protein Sources"",""Ingredients included to increase the satiety and muscle-building potential of a smoothie, often used as meal replacements."",""Whey Powder"",""A protein supplement derived from milk that is quickly absorbed by the body after exercise."",""Greek Yogurt"",""A thick, tangy dairy product high in protein that adds significant creaminess to any blend."",""Pea Protein"",""A vegan-friendly protein powder made from yellow peas, suitable for those with dairy allergies."",""Peanut Butter"",""A creamy or crunchy spread made from ground nuts that adds healthy fats and a rich flavor."",""3"",""Health""
904,""Sodas"",""A carbonated beverage that typically contains water, a sweetener, and a flavoring agent, often enjoyed as a refreshing soft drink."",""Cola Flavors"",""The specific taste profiles associated with cola-based soft drinks, often featuring caramel and spice notes."",""Classic"",""The original cola taste profile characterized by a blend of vanilla, cinnamon, and citrus oils."",""Cherry"",""A popular variation of cola that incorporates sweet and tart cherry flavoring for a fruity twist."",""Vanilla"",""A smooth and creamy cola variant infused with the aromatic essence of vanilla beans."",""Diet"",""A sugar-free version of cola that uses artificial sweeteners to provide a similar taste without calories."",""1"",""Food""
905,""Sodas"",""A carbonated beverage that typically contains water, a sweetener, and a flavoring agent, often enjoyed as a refreshing soft drink."",""Fruit Flavors"",""Soda varieties that derive their primary taste from various fruits, ranging from citrus to berries."",""Orange"",""A bright and zesty soda flavor that mimics the taste of fresh oranges, often very sweet."",""Grape"",""A deep purple soda with a bold and sweet flavor profile reminiscent of Concord grapes."",""Lemon"",""A crisp and refreshing citrus soda flavor that provides a sharp, tangy taste experience."",""Lime"",""A zesty green soda flavor often paired with lemon to create a balanced citrus beverage."",""1"",""Food""
906,""Sodas"",""A carbonated beverage that typically contains water, a sweetener, and a flavoring agent, often enjoyed as a refreshing soft drink."",""Packaging"",""The various containers and methods used to store, transport, and serve carbonated soft drinks to consumers."",""Aluminum"",""Lightweight and recyclable metal cans used to preserve the carbonation and freshness of sodas."",""Glass"",""Traditional bottles made of glass that are often preferred for their ability to maintain flavor purity."",""Plastic"",""Commonly used PET bottles that are durable and convenient for large-scale soda distribution."",""Fountain"",""A system that mixes soda syrup with carbonated water at the point of sale, typically in restaurants."",""3"",""Lifestyle""
907,""Sodas"",""A carbonated beverage that typically contains water, a sweetener, and a flavoring agent, often enjoyed as a refreshing soft drink."",""Ingredients"",""The chemical components and raw materials combined to create the unique taste and texture of sodas."",""Carbonation"",""The process of dissolving carbon dioxide in water under pressure to create signature bubbles."",""Caffeine"",""A natural stimulant often added to sodas to provide an energy boost and a slightly bitter note."",""Fructose"",""A simple sugar often used in the form of high fructose corn syrup to sweeten soft drinks."",""Citric"",""An organic acid used to provide a sour taste and act as a preservative in many fruit sodas."",""3"",""Science""
908,""Sodas"",""A carbonated beverage that typically contains water, a sweetener, and a flavoring agent, often enjoyed as a refreshing soft drink."",""Major Brands"",""The dominant global corporations and labels that manufacture and market the most popular sodas."",""Pepsi"",""A major global brand known for its flagship cola and extensive marketing campaigns worldwide."",""Sprite"",""A leading lemon-lime flavored soda brand owned by the Coca-Cola Company, known for being caffeine-free."",""Fanta"",""A brand of fruit-flavored carbonated drinks originally created in Germany and now sold globally."",""Dr Pepper"",""A unique soda brand featuring a proprietary blend of twenty-three distinct fruit and spice flavors."",""1"",""Economics""
909,""Sodas"",""A carbonated beverage that typically contains water, a sweetener, and a flavoring agent, often enjoyed as a refreshing soft drink."",""Health Impacts"",""The physiological effects and medical concerns associated with the regular consumption of sugary sodas."",""Obesity"",""A medical condition resulting from excessive calorie intake, often linked to high soda consumption."",""Diabetes"",""A chronic disease that can be exacerbated by the high sugar content found in many soft drinks."",""Cavities"",""Tooth decay caused by the combination of sugar and acids in sodas attacking dental enamel."",""Acidity"",""The low pH level of many sodas which can lead to the erosion of tooth enamel and digestive issues."",""5"",""Health""
910,""Sodas"",""A carbonated beverage that typically contains water, a sweetener, and a flavoring agent, often enjoyed as a refreshing soft drink."",""Production Process"",""The industrial steps involved in manufacturing, flavoring, and sealing carbonated beverages for sale."",""Bottling"",""The automated process of filling containers with soda under sterile and pressurized conditions."",""Carbonating"",""The specific stage where carbon dioxide is injected into the liquid to create the desired fizz."",""Syrupping"",""The step where concentrated flavor syrup is precisely measured and mixed with treated water."",""Sealing"",""The final step of applying caps or lids to containers to maintain pressure and prevent leaks."",""5"",""Technology""
911,""Architecture"",""The art and science of designing and constructing buildings and other physical structures to provide shelter."",""Classical Architecture"",""Architectural styles derived from the principles of Greek and Roman antiquity, emphasizing symmetry."",""Column"",""A vertical structural element that transmits, through compression, the weight of the structure above to other elements."",""Pediment"",""A triangular gable forming the end of the roof slope over a portico, or a similar form used decoratively."",""Frieze"",""A broad central section of an entablature and may be plain or decorated with bas-reliefs."",""Architrave"",""The lintel or beam that rests on the capitals of the columns in classical architecture."",""5"",""History""
912,""Architecture"",""The art and science of designing and constructing buildings and other physical structures to provide shelter."",""Modernist Architecture"",""A style that emerged in the early 20th century, prioritizing function and simplicity over decoration."",""Concrete"",""A heavy, rough building material made from a mixture of broken stone or gravel, sand, cement, and water."",""Glass"",""A hard, brittle substance, typically transparent or translucent, used extensively in modern facades."",""Minimalism"",""A design trend that emphasizes extreme spareness and simplicity in form and structure."",""Functionality"",""The quality of being suited to serve a purpose well, often the primary driver in modern design."",""3"",""Art""
913,""Architecture"",""The art and science of designing and constructing buildings and other physical structures to provide shelter."",""Gothic Architecture"",""A style of architecture prevalent in Western Europe from the 12th to the 16th century."",""Buttress"",""A projecting support of stone or brick built against a wall to reinforce or resist pressure."",""Spire"",""A tapering conical or pyramidal structure on the top of a building, typically a church tower."",""Gargoyle"",""A carved grotesque with a spout designed to convey water from a roof and away from the side of a building."",""Vault"",""A roof in the form of an arch or a series of arches, typical of churches and large halls."",""5"",""Religion""
914,""Architecture"",""The art and science of designing and constructing buildings and other physical structures to provide shelter."",""Sustainable Design"",""Architecture that seeks to minimize the negative environmental impact of buildings through efficiency."",""Solar"",""Relating to or determined by the sun, often referring to panels used to capture energy for building use."",""Insulation"",""Material used to prevent the loss of heat or the intrusion of sound in a building."",""Recycled"",""Materials that have been processed to be used again in construction to reduce waste."",""Greenery"",""Plant life incorporated into building designs, such as living walls or rooftop gardens."",""3"",""Science""
915,""Architecture"",""The art and science of designing and constructing buildings and other physical structures to provide shelter."",""Urban Planning"",""The technical and political process concerned with the development and design of land use."",""Zoning"",""The process of dividing land in a municipality into zones in which certain land uses are permitted."",""Infrastructure"",""The basic physical and organizational structures and facilities needed for the operation of a society."",""Grid"",""A network of uniformly spaced horizontal and perpendicular lines used to organize city streets."",""Plaza"",""A public square, marketplace, or similar open space in a built-up area for community use."",""1"",""Geography""
916,""Architecture"",""The art and science of designing and constructing buildings and other physical structures to provide shelter."",""Residential Styles"",""Various styles and forms of housing designed specifically for human habitation and domestic life."",""Bungalow"",""A low house, with a broad front porch, having either no upper floor or upper rooms set in the roof."",""Victorian"",""A style of architecture that was popular during the middle and late 19th century, often highly decorative."",""Cottage"",""A small simple house, typically one near a lake or beach or in the countryside."",""Mansion"",""A large, impressive house, typically signifying wealth and high social status."",""1"",""Lifestyle""
917,""Architecture"",""The art and science of designing and constructing buildings and other physical structures to provide shelter."",""Structural Engineering"",""A field of engineering dealing with the analysis and design of structures that support loads."",""Beam"",""A long, sturdy piece of squared timber or metal spanning an opening or part of a building."",""Foundation"",""The lowest load-bearing part of a building, typically below ground level."",""Truss"",""A framework, typically consisting of rafters, posts, and struts, supporting a roof or bridge."",""Load"",""The weight or force applied to a structure, which must be safely supported by its components."",""3"",""Technology""
918,""Telescopes"",""An optical instrument designed to make distant objects appear nearer, containing an arrangement of lenses, or of curved mirrors and lenses."",""Optical Designs"",""The various structural configurations used to gather and focus light for astronomical observation."",""Refractor"",""A telescope that uses a lens as its objective to form an image."",""Reflector"",""A telescope in which a primary mirror is used to gather and focus light."",""Catadioptric"",""A telescope design that combines mirrors and lenses to form an image."",""Dobsonian"",""A type of Newtonian reflector mounted on a simple alt-azimuth base."",""1"",""Science""
919,""Telescopes"",""An optical instrument designed to make distant objects appear nearer, containing an arrangement of lenses, or of curved mirrors and lenses."",""Space Observatories"",""Advanced telescopes positioned outside Earth's atmosphere to capture clear images of the cosmos."",""Hubble"",""A famous space telescope launched into low Earth orbit in 1990."",""Webb"",""The James Webb Space Telescope, designed to conduct infrared astronomy."",""Chandra"",""An X-ray observatory launched by NASA to detect X-ray emissions."",""Kepler"",""A retired space telescope designed to discover Earth-size planets."",""3"",""Science""
920,""Telescopes"",""An optical instrument designed to make distant objects appear nearer, containing an arrangement of lenses, or of curved mirrors and lenses."",""Key Components"",""The essential physical parts and accessories required for a telescope to function effectively."",""Eyepiece"",""The lens or group of lenses that is closest to the eye in an optical device."",""Tripod"",""A three-legged stand used as a platform for supporting the telescope."",""Focuser"",""A mechanical device that moves the eyepiece to achieve a sharp image."",""Finder"",""A small auxiliary telescope used to help locate celestial objects."",""1"",""Technology""
921,""Telescopes"",""An optical instrument designed to make distant objects appear nearer, containing an arrangement of lenses, or of curved mirrors and lenses."",""Radio Astronomy"",""The study of celestial objects by measuring their emission of radio waves."",""Antenna"",""A specialized transducer that converts radio waves into electrical power."",""Interferometer"",""An array of telescopes used together to achieve higher resolution."",""Pulsar"",""A highly magnetized rotating neutron star that emits beams of radiation."",""Quasar"",""An extremely luminous active galactic nucleus emitting radio waves."",""5"",""Science""
922,""Telescopes"",""An optical instrument designed to make distant objects appear nearer, containing an arrangement of lenses, or of curved mirrors and lenses."",""Observational Concepts"",""Technical terms and measurements used to describe the performance of optical instruments."",""Magnification"",""The process of enlarging the apparent size of something with a lens."",""Resolution"",""The ability of a telescope to distinguish fine details in an object."",""Collimation"",""The process of aligning the optical components of a telescope."",""Seeing"",""A measure of the turbulence in the atmosphere affecting image quality."",""3"",""Science""
923,""Telescopes"",""An optical instrument designed to make distant objects appear nearer, containing an arrangement of lenses, or of curved mirrors and lenses."",""Famous Astronomers"",""Historical figures who made significant contributions to the development and use of telescopes."",""Galileo"",""The first person to use a telescope for systematic astronomical study."",""Newton"",""The inventor of the reflecting telescope using a curved primary mirror."",""Herschel"",""The astronomer who discovered Uranus using a home-built telescope."",""Messier"",""A French astronomer who created a famous catalog of deep-sky objects."",""1"",""History""
924,""Telescopes"",""An optical instrument designed to make distant objects appear nearer, containing an arrangement of lenses, or of curved mirrors and lenses."",""Non-Optical Telescopes"",""Instruments designed to detect radiation outside the visible light spectrum."",""Infrared"",""A telescope that detects heat radiation from celestial bodies."",""Ultraviolet"",""An instrument used to observe light with wavelengths shorter than visible."",""Gamma"",""A telescope designed to detect high-energy gamma rays from space."",""Neutrino"",""A detector designed to observe subatomic particles called neutrinos."",""5"",""Science""
925,""Tequila"",""A distilled Mexican beverage made from the blue agave plant, primarily produced in the state of Jalisco and surrounding regions."",""Production Methods"",""The technical processes used to harvest, cook, ferment, and distill agave into spirit."",""Jimador"",""A skilled laborer who harvests agave plants using a sharp tool called a coa."",""Tahona"",""A massive stone wheel used to crush cooked agave hearts to extract their juice."",""Autoclave"",""A high-pressure steam oven used to cook agave hearts efficiently in large batches."",""Distillation"",""The process of heating fermented agave juice to separate alcohol from water."",""3"",""Technology""
926,""Tequila"",""A distilled Mexican beverage made from the blue agave plant, primarily produced in the state of Jalisco and surrounding regions."",""Agave Botany"",""The biological study of the succulent plants used as the raw material for tequila."",""Blue Agave"",""The specific species of agave plant required by law for tequila production."",""Piña"",""The core of the agave plant that is harvested and cooked to produce tequila."",""Inulin"",""A complex carbohydrate found in agave that converts to sugar during cooking."",""Succulent"",""A type of plant with thick, fleshy parts adapted to store water in dry climates."",""5"",""Nature""
927,""Tequila"",""A distilled Mexican beverage made from the blue agave plant, primarily produced in the state of Jalisco and surrounding regions."",""Aging Classifications"",""The standard categories used to label tequila based on the duration of its maturation."",""Blanco"",""Tequila that is bottled shortly after distillation without significant aging."",""Reposado"",""Tequila aged in oak barrels for a period between two months and one year."",""Añejo"",""Tequila that has been aged in oak barrels for at least one year but less than three."",""Extra Añejo"",""A premium category for tequila aged in oak barrels for more than three years."",""1"",""Lifestyle""
928,""Tequila"",""A distilled Mexican beverage made from the blue agave plant, primarily produced in the state of Jalisco and surrounding regions."",""Regional Origins"",""The specific territories in Mexico that are legally protected for tequila production."",""Jalisco"",""The primary Mexican state where the town of Tequila is located and production thrives."",""Nayarit"",""One of the five Mexican states legally permitted to produce authentic tequila."",""Guanajuato"",""A central Mexican state that is part of the official Tequila protected region."",""Tamaulipas"",""A state on the eastern coast of Mexico authorized to produce tequila spirits."",""3"",""Geography""
929,""Tequila"",""A distilled Mexican beverage made from the blue agave plant, primarily produced in the state of Jalisco and surrounding regions."",""Historical Evolution"",""The chronological development of tequila from indigenous fermented drinks to modern spirits."",""Pulque"",""An ancient fermented beverage made from agave sap, predating distilled tequila."",""Mezcal"",""A broader category of agave spirits from which tequila originally descended."",""Cuervo"",""One of the oldest and most famous commercial tequila brands in the world."",""Sauza"",""A historic tequila distillery founded in the late nineteenth century in Jalisco."",""5"",""History""
930,""Tequila"",""A distilled Mexican beverage made from the blue agave plant, primarily produced in the state of Jalisco and surrounding regions."",""Tequila Cocktails"",""Popular mixed beverages that utilize tequila as the primary spirit for flavor and effect."",""Margarita"",""A famous cocktail made with tequila, lime juice, and orange-flavored liqueur."",""Paloma"",""A popular Mexican cocktail consisting of tequila mixed with grapefruit soda."",""Tequila Sunrise"",""A colorful drink made with tequila, orange juice, and sweet grenadine syrup."",""Matador"",""A simple mixed drink featuring tequila, pineapple juice, and fresh lime juice."",""1"",""Food""
931,""Tequila"",""A distilled Mexican beverage made from the blue agave plant, primarily produced in the state of Jalisco and surrounding regions."",""Industry Standards"",""The economic and legal regulations that govern the global trade and quality of tequila."",""CRT"",""The Tequila Regulatory Council, the body that certifies tequila authenticity."",""NOM"",""The unique identification number assigned to each authorized tequila distillery."",""Mixto"",""Tequila made from at least fifty-one percent agave sugars and other additives."",""Export"",""The process of shipping tequila to international markets for global consumption."",""5"",""Economics""
932,""Weather"",""The state of the atmosphere at a place and time as regards heat, dryness, sunshine, wind, rain, and other factors."",""Precipitation"",""Any form of water, such as rain, snow, sleet, or hail, that falls to the Earth's surface from the atmosphere."",""Rain"",""Moisture condensed from the atmosphere that falls visibly in separate drops."",""Snow"",""Atmospheric water vapor frozen into ice crystals and falling in light white flakes."",""Hail"",""Pellets of frozen rain which fall in showers from cumulonimbus clouds."",""Sleet"",""A form of precipitation consisting of ice pellets, often mixed with rain or snow."",""1"",""Nature""
933,""Weather"",""The state of the atmosphere at a place and time as regards heat, dryness, sunshine, wind, rain, and other factors."",""Atmospheric Phenomena"",""Observable events in the Earth's atmosphere caused by the interaction of light, moisture, and air particles."",""Rainbow"",""An arch of colors in the sky caused by the refraction and dispersion of the sun's light by rain."",""Aurora"",""A natural electrical phenomenon characterized by appearance of streamers of light in the sky."",""Lightning"",""A sudden electrostatic discharge that occurs during a thunderstorm between regions of clouds."",""Fog"",""A thick cloud of tiny water droplets suspended in the atmosphere at or near the earth's surface."",""3"",""Science""
934,""Weather"",""The state of the atmosphere at a place and time as regards heat, dryness, sunshine, wind, rain, and other factors."",""Meteorological Instruments"",""Specialized tools used by scientists to measure and record various atmospheric conditions for weather forecasting."",""Barometer"",""An instrument measuring atmospheric pressure, used especially in forecasting the weather."",""Anemometer"",""An instrument for measuring the speed of the wind, or of any current of gas."",""Hygrometer"",""An instrument used for measuring the amount of humidity and water vapor in the atmosphere."",""Thermometer"",""An instrument for measuring and indicating temperature, typically one consisting of a glass tube."",""5"",""Technology""
935,""Weather"",""The state of the atmosphere at a place and time as regards heat, dryness, sunshine, wind, rain, and other factors."",""Storm Systems"",""Large-scale atmospheric disturbances characterized by low pressure, strong winds, and heavy precipitation."",""Hurricane"",""A tropical storm with winds of 74 miles per hour or greater, usually accompanied by rain."",""Tornado"",""A mobile, destructive vortex of violently rotating winds having the appearance of a funnel-shaped cloud."",""Cyclone"",""A system of winds rotating inward to an area of low atmospheric pressure."",""Blizzard"",""A severe snowstorm with high winds and very low visibility lasting for a prolonged period."",""3"",""Nature""
936,""Weather"",""The state of the atmosphere at a place and time as regards heat, dryness, sunshine, wind, rain, and other factors."",""Temperature Concepts"",""Terms related to the measurement and perception of heat and cold within the Earth's atmosphere."",""Humidity"",""A quantity representing the amount of water vapor in the atmosphere or in a gas."",""Heatwave"",""A prolonged period of abnormally hot weather, which may be accompanied by high humidity."",""Frost"",""A deposit of small white ice crystals formed on the ground or other surfaces when the temperature falls."",""Isotherm"",""A line on a map connecting points having the same temperature at a given time or on average."",""1"",""Science""
937,""Weather"",""The state of the atmosphere at a place and time as regards heat, dryness, sunshine, wind, rain, and other factors."",""Wind Patterns"",""The movement of air relative to the surface of the Earth, often classified by scale and direction."",""Monsoon"",""A seasonal prevailing wind in the region of South and Southeast Asia, bringing rain."",""Zephyr"",""A soft gentle breeze, often associated with the west wind in classical mythology."",""Trade Winds"",""A wind blowing steadily toward the equator from the northeast in the northern hemisphere."",""Jet Stream"",""A narrow, variable band of very strong, predominantly westerly air currents high above the earth."",""5"",""Geography""
938,""Weather"",""The state of the atmosphere at a place and time as regards heat, dryness, sunshine, wind, rain, and other factors."",""Cloud Types"",""Visible masses of condensed water vapor floating in the atmosphere, classified by their shape and altitude."",""Cirrus"",""Cloud forming wispy filamentous tufted streaks at high altitude, usually made of ice crystals."",""Cumulus"",""Cloud forming rounded masses heaped on each other above a flat base at fairly low altitude."",""Stratus"",""Cloud forming a continuous horizontal gray sheet, often with rain or snow."",""Nimbus"",""A luminous cloud or a halo surrounding a supernatural being or a large gray rain cloud."",""3"",""Science""
939,""Detergent"",""A chemical substance, usually a powder or liquid, used for removing dirt and stains from clothes, dishes, or other surfaces."",""Laundry Formats"",""The various physical forms in which laundry cleaning agents are manufactured and sold to consumers."",""Liquid"",""A fluid cleaning agent that dissolves easily in water and is effective for pre-treating stains."",""Powder"",""A granulated cleaning substance often preferred for heavy-duty soil removal and large loads."",""Pods"",""Pre-measured packets containing concentrated liquid detergent designed for convenience and ease of use."",""Tablets"",""Compressed blocks of detergent powder that provide a precise dose for a single wash cycle."",""1"",""Lifestyle""
940,""Detergent"",""A chemical substance, usually a powder or liquid, used for removing dirt and stains from clothes, dishes, or other surfaces."",""Chemical Components"",""The specific active ingredients used in detergent formulas to break down dirt and improve cleaning efficiency."",""Surfactants"",""Compounds that lower surface tension, allowing water to spread and penetrate fabrics more effectively."",""Enzymes"",""Biological catalysts that break down complex stains like proteins, fats, and starches into smaller pieces."",""Builders"",""Substances that soften water by removing minerals, preventing them from interfering with the cleaning process."",""Bleach"",""A chemical agent used to whiten fabrics and remove stubborn organic stains through oxidation."",""5"",""Science""
941,""Detergent"",""A chemical substance, usually a powder or liquid, used for removing dirt and stains from clothes, dishes, or other surfaces."",""Washing Mechanics"",""The different stages and settings of a laundry machine that utilize detergent to clean clothes."",""Agitation"",""The physical movement of clothes in the wash water to help loosen and remove dirt particles."",""Rinse"",""The stage where clean water is used to remove detergent and loosened soil from the laundry."",""Spin"",""A high-speed rotation phase that uses centrifugal force to extract excess water from the garments."",""Prewash"",""An initial soaking cycle used for heavily soiled items before the main washing process begins."",""3"",""Technology""
942,""Detergent"",""A chemical substance, usually a powder or liquid, used for removing dirt and stains from clothes, dishes, or other surfaces."",""Targeted Stains"",""Common types of discoloration and soil that detergents are specifically formulated to target and remove."",""Grease"",""Oily substances from food or machinery that require strong surfactants to be lifted from fibers."",""Grass"",""Organic stains containing chlorophyll that often require specific enzymes for complete removal."",""Wine"",""Tannin-based stains from grapes that usually need oxygen-based bleach or specialized treatments."",""Ink"",""Pigment-based marks from pens or markers that can be difficult to remove without solvent-based cleaners."",""3"",""Lifestyle""
943,""Detergent"",""A chemical substance, usually a powder or liquid, used for removing dirt and stains from clothes, dishes, or other surfaces."",""Dishwashing Agents"",""Specialized cleaning products designed specifically for cleaning kitchenware, plates, and cutlery."",""Gel"",""A thick, viscous liquid detergent used in automatic dishwashers to clean dishes without scratching."",""Rinse-aid"",""A liquid additive that prevents water spots and helps dishes dry faster by reducing surface tension."",""Salt"",""A specialized granular substance used in dishwashers to regenerate the built-in water softener."",""Degreaser"",""A powerful cleaning agent formulated to break down and remove heavy oils and fats from cookware."",""1"",""Lifestyle""
944,""Detergent"",""A chemical substance, usually a powder or liquid, used for removing dirt and stains from clothes, dishes, or other surfaces."",""Eco-Friendly Features"",""Characteristics of cleaning products that aim to minimize their negative impact on the natural environment."",""Biodegradable"",""Substances capable of being decomposed by bacteria or other living organisms, reducing pollution."",""Phosphate-free"",""Formulas that do not contain phosphorus compounds, which can cause harmful algal blooms in water."",""Concentrated"",""Products with reduced water content that require less packaging and lower transportation energy."",""Fragrance-free"",""Detergents without added scents, making them safer for sensitive skin and reducing chemical runoff."",""5"",""Nature""
945,""Detergent"",""A chemical substance, usually a powder or liquid, used for removing dirt and stains from clothes, dishes, or other surfaces."",""Fabric Care Additives"",""Supplemental products used alongside detergent to enhance the texture, scent, or longevity of clothing."",""Softener"",""A liquid added during the rinse cycle to make fabrics feel smoother and reduce static cling."",""Starch"",""A substance applied to clothes to provide crispness and body, typically used on shirts and linens."",""Brightener"",""Chemicals that absorb ultraviolet light and re-emit it as blue light to make clothes look whiter."",""Deodorizer"",""An additive designed to neutralize unpleasant odors trapped within the fibers of the fabric."",""3"",""Lifestyle""
946,""Hell"",""A mythological or religious realm of suffering and punishment for the wicked after death, often depicted as a place of fire or darkness."",""Dante's Inferno"",""The first part of Dante Alighieri's 14th-century epic poem Divine Comedy, detailing the journey through the nine circles of hell."",""Limbo"",""The first circle where virtuous pagans reside, experiencing a state of longing without physical torment."",""Lust"",""The second circle where the carnal are blown about by violent winds, symbolizing their lack of self-control."",""Gluttony"",""The third circle where souls are forced to lie in a vile slush produced by icy rain, guarded by Cerberus."",""Greed"",""The fourth circle where the avaricious and prodigal push heavy weights against each other in eternal conflict."",""3"",""Literature""
947,""Hell"",""A mythological or religious realm of suffering and punishment for the wicked after death, often depicted as a place of fire or darkness."",""Demonic Entities"",""Powerful supernatural beings often associated with evil, temptation, and the administration of torment in various hellish realms."",""Lucifer"",""The fallen angel and prince of darkness who led a rebellion against God and was cast out of heaven."",""Beelzebub"",""A major demon in Abrahamic religions, often referred to as the Lord of the Flies and a high-ranking prince of hell."",""Asmodeus"",""A king of demons known for his role in the Book of Tobit, often associated with lust and destructive impulses."",""Belial"",""A term used in the Hebrew Bible to personify worthlessness or wickedness, later identified as a distinct demonic figure."",""5"",""Religion""
948,""Hell"",""A mythological or religious realm of suffering and punishment for the wicked after death, often depicted as a place of fire or darkness."",""Greek Underworld"",""The realm of the dead in Greek mythology, ruled by the god Hades and consisting of various distinct regions for souls."",""Hades"",""The god of the dead and king of the underworld, as well as the name of the realm over which he presides."",""Tartarus"",""A deep abyss used as a dungeon of torment and suffering for the wicked and as the prison for the Titans."",""Styx"",""The river that forms the boundary between Earth and the Underworld, across which souls are ferried by Charon."",""Cerberus"",""The multi-headed dog that guards the gates of the Underworld to prevent the dead from leaving and the living from entering."",""3"",""History""
949,""Hell"",""A mythological or religious realm of suffering and punishment for the wicked after death, often depicted as a place of fire or darkness."",""Punishments"",""The various forms of suffering and eternal consequences believed to be inflicted upon the souls of the wicked in the afterlife."",""Damnation"",""The state of being condemned by God to eternal punishment in hell due to unrepentant sin or rejection of faith."",""Torment"",""Severe physical or mental suffering inflicted as a penalty for transgressions committed during one's earthly life."",""Purgatory"",""An intermediate state after physical death for expiatory purification, though distinct from the finality of hell."",""Perdition"",""A state of final spiritual ruin or eternal damnation, often used as a synonym for the condition of being in hell."",""1"",""Religion""
950,""Hell"",""A mythological or religious realm of suffering and punishment for the wicked after death, often depicted as a place of fire or darkness."",""Pop Culture Depictions"",""Modern representations of hellish themes and characters in film, comics, and media that reinterpret traditional mythology."",""Doom"",""A seminal video game franchise featuring a space marine fighting hordes of demons from hell on Mars and Earth."",""Hellboy"",""A fictional superhero created by Mike Mignola, a demon summoned from hell who works for a paranormal defense agency."",""Constantine"",""A supernatural detective and exorcist who deals with the forces of heaven and hell to maintain worldly balance."",""Spawn"",""A comic book character who is a former assassin resurrected as a Hellspawn after making a deal with a demon."",""3"",""Movies""
951,""Hell"",""A mythological or religious realm of suffering and punishment for the wicked after death, often depicted as a place of fire or darkness."",""Theological Concepts"",""Diverse religious interpretations and names for the place of judgment or the state of the soul after death across cultures."",""Gehenna"",""A small valley in Jerusalem that served as a symbol for the place of fiery judgment in Jewish and Christian theology."",""Sheol"",""The Hebrew term for the place of the dead, originally depicted as a silent and dark region where all souls go."",""Jahannam"",""The Islamic concept of hell, described as a place of blazing fire and intense punishment for unbelievers and sinners."",""Naraka"",""The Sanskrit word for hell in Indian religions, where souls are temporarily punished before their next reincarnation."",""5"",""Religion""
952,""Hell"",""A mythological or religious realm of suffering and punishment for the wicked after death, often depicted as a place of fire or darkness."",""Geological Metaphors"",""Scientific and physical phenomena that evoke the imagery of hell through extreme heat, pressure, or subterranean depth."",""Magma"",""Molten rock found beneath the Earth's surface, representing the intense heat often associated with hellish landscapes."",""Sulfur"",""A chemical element often called brimstone, associated with the pungent smell and burning fires of traditional hell."",""Abyss"",""A deep or seemingly bottomless chasm, used metaphorically to describe the vast, dark depths of the underworld."",""Caldera"",""A large volcanic crater formed by a major eruption, resembling a fiery pit or entrance to a subterranean world."",""1"",""Science""
953,""Water"",""A transparent, tasteless, odorless, and nearly colorless chemical substance that is the main constituent of Earth's hydrosphere."",""Oceans"",""Large bodies of salt water that cover approximately 71 percent of the Earth's surface."",""Abyss"",""The deepest parts of the ocean, typically characterized by total darkness and high pressure."",""Coral"",""Marine invertebrates that typically live in compact colonies of many identical individual polyps."",""Tides"",""The rise and fall of sea levels caused by the combined effects of gravitational forces."",""Current"",""A continuous, directed movement of sea water generated by a number of forces acting upon the water."",""1"",""Nature""
954,""Water"",""A transparent, tasteless, odorless, and nearly colorless chemical substance that is the main constituent of Earth's hydrosphere."",""Freshwater"",""Naturally occurring water on Earth's surface in ice sheets, ice caps, glaciers, icebergs, bogs, and lakes."",""River"",""A natural flowing watercourse, usually freshwater, flowing towards an ocean, sea, or lake."",""Glacier"",""A persistent body of dense ice that is constantly moving under its own weight."",""Aquifer"",""An underground layer of water-bearing permeable rock, rock fractures, or unconsolidated materials."",""Wetland"",""A distinct ecosystem that is flooded by water, either permanently or seasonally."",""3"",""Geography""
955,""Water"",""A transparent, tasteless, odorless, and nearly colorless chemical substance that is the main constituent of Earth's hydrosphere."",""Water Sports"",""Physical activities and competitive games that take place in or on various bodies of water."",""Surfing"",""A surface water sport in which an individual uses a board to ride on the forward face of a wave."",""Kayaking"",""The use of a kayak for moving across water, typically using a double-bladed paddle."",""Diving"",""The sport or activity of swimming or exploring under water, often with breathing apparatus."",""Rowing"",""The act of propelling a boat using the motion of oars in the water to move forward."",""5"",""Sports""
956,""Water"",""A transparent, tasteless, odorless, and nearly colorless chemical substance that is the main constituent of Earth's hydrosphere."",""Hydrology"",""The scientific study of the movement, distribution, and management of water on Earth and other planets."",""Precipitation"",""Any product of the atmospheric water vapor condensation that falls under gravitational pull."",""Evaporation"",""The process by which water changes from a liquid to a gas or vapor state."",""Transpiration"",""The process of water movement through a plant and its evaporation from aerial parts."",""Infiltration"",""The process by which water on the ground surface enters the soil."",""3"",""Science""
957,""Water"",""A transparent, tasteless, odorless, and nearly colorless chemical substance that is the main constituent of Earth's hydrosphere."",""Beverages"",""Liquid preparations specifically intended for human consumption, primarily composed of water."",""Mineral"",""Water containing dissolved minerals or total dissolved solids, often from underground sources."",""Sparkling"",""Water into which carbon dioxide gas under pressure has been dissolved."",""Distilled"",""Water that has been boiled into vapor and condensed back into liquid in a separate container."",""Infused"",""Water that has been flavored with fruits, vegetables, or herbs for a refreshing taste."",""1"",""Food""
958,""Water"",""A transparent, tasteless, odorless, and nearly colorless chemical substance that is the main constituent of Earth's hydrosphere."",""Maritime Transport"",""The transport of people or goods via waterways, including oceans, seas, canals, and rivers."",""Vessel"",""A ship or large boat used for transporting people or goods by sea."",""Harbor"",""A sheltered body of water where ships, boats, and barges can be docked."",""Navigation"",""The process of monitoring and controlling the movement of a craft or vehicle from one place to another."",""Cargo"",""Goods or produce carried on board a ship, aircraft, or other vehicle."",""3"",""Transportation""
959,""Water"",""A transparent, tasteless, odorless, and nearly colorless chemical substance that is the main constituent of Earth's hydrosphere."",""Water Conservation"",""Policies, strategies and activities to sustainably manage the natural resource of fresh water."",""Desalination"",""A process that takes away mineral components from saline water to produce fresh water."",""Irrigation"",""The agricultural process of applying controlled amounts of water to land to assist in the production of crops."",""Filtration"",""The process of removing impurities from water by using a physical barrier or chemical process."",""Sustainability"",""The practice of using water in a way that meets current needs without compromising future generations."",""5"",""Lifestyle""
960,""Whiskey"",""A distilled alcoholic beverage made from fermented grain mash, often aged in wooden casks to develop complex flavors."",""Scotch Whisky"",""A specific type of whisky made in Scotland, known for its diverse regional styles and strict production laws."",""Islay"",""A Scottish island famous for producing heavily peated and smoky whiskies."",""Speyside"",""A region in Scotland known for producing elegant, fruity, and approachable single malts."",""Peat"",""Decayed organic matter used as fuel to dry malted barley, imparting a smoky flavor."",""Single Malt"",""Whisky produced at a single distillery using only malted barley and water."",""5"",""Food""
961,""Whiskey"",""A distilled alcoholic beverage made from fermented grain mash, often aged in wooden casks to develop complex flavors."",""Bourbon Whiskey"",""An American whiskey made primarily from corn and aged in new charred oak containers."",""Corn"",""The primary grain used in bourbon production, required by law to be at least fifty-one percent."",""Kentucky"",""The US state responsible for the vast majority of the world's bourbon production."",""Barrel"",""A wooden vessel, usually made of white oak, used for aging and flavoring the spirit."",""Straight"",""A designation for whiskey that has been aged for at least two years and meets specific purity standards."",""3"",""Food""
962,""Whiskey"",""A distilled alcoholic beverage made from fermented grain mash, often aged in wooden casks to develop complex flavors."",""Irish Whiskey"",""Whiskey made on the island of Ireland, typically known for its smooth character and triple distillation."",""Pot Still"",""A traditional type of still used to create rich and heavy styles of Irish whiskey."",""Triple Distilled"",""A process where the spirit is distilled three times to achieve a lighter and smoother profile."",""Jameson"",""One of the most recognizable and best-selling brands of Irish whiskey globally."",""Smoothness"",""A characteristic often associated with Irish whiskey due to its production methods and lack of peat."",""3"",""Food""
963,""Whiskey"",""A distilled alcoholic beverage made from fermented grain mash, often aged in wooden casks to develop complex flavors."",""Production Process"",""The technical steps involved in creating whiskey, from grain selection to final bottling."",""Distillation"",""The process of heating a liquid to create vapor and then condensing it to purify the alcohol."",""Fermentation"",""The chemical breakdown of sugars by yeast to produce alcohol and carbon dioxide."",""Mash Bill"",""The specific mix of grains used by a distillery to create the base of the whiskey."",""Maturation"",""The period during which whiskey sits in barrels to develop color, aroma, and flavor."",""5"",""Science""
964,""Whiskey"",""A distilled alcoholic beverage made from fermented grain mash, often aged in wooden casks to develop complex flavors."",""Tasting Notes"",""The sensory descriptions used to identify the flavors, aromas, and textures of a whiskey."",""Caramel"",""A common sweet flavor note derived from the charring of the wooden barrels."",""Smoky"",""A flavor profile often resulting from the use of peat during the malting process."",""Oaky"",""A woody flavor imparted to the whiskey through contact with the barrel during aging."",""Finish"",""The lingering taste and sensation left on the palate after swallowing the whiskey."",""1"",""Lifestyle""
965,""Whiskey"",""A distilled alcoholic beverage made from fermented grain mash, often aged in wooden casks to develop complex flavors."",""Glassware & Service"",""The tools and methods used to serve and enjoy whiskey to enhance the drinking experience."",""Glencairn"",""A specialized glass designed with a tulip shape to concentrate the aromas of the whiskey."",""Neat"",""A serving style where the whiskey is poured into a glass without any ice or mixers."",""Rocks"",""A term used for serving whiskey over ice cubes to chill the drink."",""Decanter"",""A decorative glass vessel used for storing and serving whiskey while allowing it to breathe."",""1"",""Lifestyle""
966,""Whiskey"",""A distilled alcoholic beverage made from fermented grain mash, often aged in wooden casks to develop complex flavors."",""Cocktails"",""Mixed drinks that use whiskey as the primary spirit, combined with other ingredients for balance."",""Old Fashioned"",""A classic cocktail made by muddling sugar with bitters and adding whiskey and a citrus peel."",""Manhattan"",""A sophisticated drink made with whiskey, sweet vermouth, and bitters, usually garnished with a cherry."",""Sazerac"",""A New Orleans cocktail featuring rye whiskey, absinthe, a sugar cube, and Peychaud's bitters."",""Sour"",""A refreshing cocktail made with whiskey, lemon juice, sugar, and sometimes egg white."",""3"",""Food""
967,""disneyland"",""A world-famous theme park resort in Anaheim, California, known as the Happiest Place on Earth, created by Walt Disney."",""Main Street, U.S.A."",""The nostalgic entrance area of Disneyland designed to resemble an early 20th-century American town."",""Omnibus"",""A double-decker bus that transports guests along the street."",""Cinema"",""A vintage theater showing classic silent Disney cartoons."",""Emporium"",""The largest souvenir shop in the park offering various merchandise."",""City Hall"",""The main guest relations center for information and assistance."",""1"",""Lifestyle""
968,""disneyland"",""A world-famous theme park resort in Anaheim, California, known as the Happiest Place on Earth, created by Walt Disney."",""Adventureland"",""A themed land inspired by the remote jungles of Africa, Asia, South America, and Oceania."",""Jungle Cruise"",""A boat tour through exotic rivers with animatronic animals."",""Indiana Jones"",""A high-speed adventure ride through a cursed temple."",""Tiki Room"",""An audio-animatronic show featuring singing birds and flowers."",""Treehouse"",""An elevated walkthrough attraction based on Tarzan or Swiss Family Robinson."",""3"",""Geography""
969,""disneyland"",""A world-famous theme park resort in Anaheim, California, known as the Happiest Place on Earth, created by Walt Disney."",""Fantasyland"",""A magical area centered around Sleeping Beauty Castle, bringing classic Disney fairy tales to life."",""Matterhorn"",""A bobsled roller coaster racing through a snowy mountain."",""Teacups"",""A spinning ride based on the Mad Hatter's tea party."",""Dumbo"",""An aerial carousel where guests fly in elephant-shaped vehicles."",""Peter Pan"",""A dark ride that flies over London and Neverland."",""1"",""Literature""
970,""disneyland"",""A world-famous theme park resort in Anaheim, California, known as the Happiest Place on Earth, created by Walt Disney."",""Tomorrowland"",""A land focused on the future, space exploration, and technological advancements."",""Space Mountain"",""An indoor dark roller coaster themed around outer space travel."",""Star Tours"",""A motion-simulated space flight through the Star Wars galaxy."",""Autopia"",""A car driving attraction where guests steer small gas-powered vehicles."",""Monorail"",""A high-speed transportation system connecting the park and resort."",""5"",""Technology""
971,""disneyland"",""A world-famous theme park resort in Anaheim, California, known as the Happiest Place on Earth, created by Walt Disney."",""Frontierland"",""An area celebrating the American Old West, featuring pioneers, cowboys, and gold miners."",""Big Thunder"",""A runaway mine train roller coaster through a desert landscape."",""Mark Twain"",""A large steam-powered paddle wheeler that circles the river."",""Shooting Expo"",""An interactive gallery where guests test their aim with rifles."",""Golden Horseshoe"",""A classic western saloon hosting live musical comedy shows."",""3"",""History""
972,""disneyland"",""A world-famous theme park resort in Anaheim, California, known as the Happiest Place on Earth, created by Walt Disney."",""New Orleans Square"",""A land based on 19th-century New Orleans, known for its jazz, food, and spooky atmosphere."",""Haunted Mansion"",""A dark ride through a spooky estate filled with 999 ghosts."",""Pirates"",""A boat ride depicting the adventures of swashbuckling pirates."",""Blue Bayou"",""A fine-dining restaurant located inside the Pirates attraction."",""Club 33"",""An exclusive, private members-only club hidden in the square."",""5"",""Food""
973,""disneyland"",""A world-famous theme park resort in Anaheim, California, known as the Happiest Place on Earth, created by Walt Disney."",""Critter Country"",""A rustic, wooded area home to forest animals and water-based adventures."",""Splash Mountain"",""A log flume ride featuring characters from Song of the South."",""Pooh Ride"",""A whimsical journey through the Hundred Acre Wood with Winnie."",""Canoes"",""A guest-powered boat experience around the Rivers of America."",""Hungry Bear"",""A quick-service restaurant offering views of the river."",""3"",""Nature""
974,""9/11 Attacks"",""A series of four coordinated terrorist attacks by the militant Islamist terrorist group al-Qaeda against the United States on September 11, 2001."",""World Trade Center"",""The complex of buildings in Lower Manhattan that was the primary target of the attacks, including the iconic Twin Towers."",""North Tower"",""The first of the Twin Towers to be hit by a hijacked aircraft on the morning of September 11."",""South Tower"",""The second tower of the World Trade Center complex, which collapsed first after being struck by Flight 175."",""Ground Zero"",""The site where the World Trade Center towers once stood, later becoming a place of mourning and recovery."",""Plaza"",""The open space surrounding the Twin Towers where many people gathered and fled during the initial attacks."",""1"",""Geography""
975,""9/11 Attacks"",""A series of four coordinated terrorist attacks by the militant Islamist terrorist group al-Qaeda against the United States on September 11, 2001."",""The Pentagon"",""The headquarters of the United States Department of Defense located in Arlington, Virginia, which was struck by a hijacked plane."",""Arlington"",""The location in Virginia where the Pentagon is situated and where the third hijacked plane crashed."",""Defense"",""The primary function of the Pentagon as the command center for the United States military operations."",""Impact"",""The moment the hijacked aircraft struck the western side of the Pentagon building, causing massive damage."",""Reconstruction"",""The rapid rebuilding project known as the Phoenix Project that restored the damaged section of the Pentagon."",""3"",""Politics""
976,""9/11 Attacks"",""A series of four coordinated terrorist attacks by the militant Islamist terrorist group al-Qaeda against the United States on September 11, 2001."",""Flight 93"",""The fourth hijacked aircraft that crashed in a field in Pennsylvania after passengers and crew fought back against the hijackers."",""Shanksville"",""The rural town in Pennsylvania near where United Airlines Flight 93 crashed into an open field."",""Cockpit"",""The area of the plane where passengers attempted to regain control from the hijackers to prevent a strike."",""Resistance"",""The heroic actions taken by the passengers and crew to thwart the hijackers' intended target."",""Field"",""The final resting place of Flight 93, now preserved as a national memorial to the bravery of those on board."",""5"",""Transportation""
977,""9/11 Attacks"",""A series of four coordinated terrorist attacks by the militant Islamist terrorist group al-Qaeda against the United States on September 11, 2001."",""Emergency Response"",""The massive effort by firefighters, police, and medical personnel to rescue survivors and manage the disaster sites."",""Firefighters"",""Brave individuals from the FDNY who entered the burning towers to rescue thousands of trapped civilians."",""Paramedics"",""Medical professionals who provided immediate life-saving care to the injured at the various attack sites."",""Evacuation"",""The massive and chaotic process of moving people out of the buildings and the surrounding danger zones."",""Sirens"",""The constant sound of emergency vehicles rushing toward the disaster sites in New York and Washington D.C."",""1"",""Health""
978,""9/11 Attacks"",""A series of four coordinated terrorist attacks by the militant Islamist terrorist group al-Qaeda against the United States on September 11, 2001."",""Aftermath & Security"",""The long-term changes in global security, aviation protocols, and international relations following the terrorist attacks."",""TSA"",""The Transportation Security Administration, created to oversee and improve security at all United States airports."",""Surveillance"",""Increased monitoring and data collection efforts implemented globally to detect and prevent future attacks."",""Patriot Act"",""Legislation passed to expand the powers of law enforcement for the purpose of fighting domestic terrorism."",""Homeland"",""Referring to the Department of Homeland Security, established to protect the U.S. from various threats."",""3"",""Technology""
979,""9/11 Attacks"",""A series of four coordinated terrorist attacks by the militant Islamist terrorist group al-Qaeda against the United States on September 11, 2001."",""Memorials & Remembrance"",""The various sites and annual ceremonies dedicated to honoring the victims and heroes of the September 11 attacks."",""Reflecting Pool"",""Large man-made pools located in the footprints of the original Twin Towers as part of the memorial."",""Museum"",""The National September 11 Memorial & Museum which documents the history and impact of the attacks."",""Tribute"",""The annual Tribute in Light that projects two beams of light into the sky to represent the fallen towers."",""Names"",""The bronze parapets surrounding the memorial pools that are inscribed with the names of every victim."",""5"",""Art""
980,""9/11 Attacks"",""A series of four coordinated terrorist attacks by the militant Islamist terrorist group al-Qaeda against the United States on September 11, 2001."",""Perpetrators & Investigation"",""The identification of the terrorist group responsible and the subsequent 9/11 Commission Report detailing the events."",""Al-Qaeda"",""The international terrorist organization led by Osama bin Laden that planned and executed the attacks."",""Hijackers"",""The nineteen individuals who took control of the four commercial airplanes used in the 9/11 attacks."",""Commission"",""The bipartisan group tasked with preparing a full account of the circumstances surrounding the attacks."",""Intelligence"",""The information and data analyzed by agencies to understand how the attacks were planned and carried out."",""3"",""History""
981,""Basketball"",""A popular team sport played on a rectangular court where players aim to shoot a ball through a raised hoop to score points."",""Equipment"",""The physical items and gear required to play a standard game of basketball safely and effectively."",""Hoop"",""A horizontal circular metal rim with a net attached through which the ball must pass to score."",""Backboard"",""A flat, rigid piece of equipment, often made of plexiglass, to which the basket is attached."",""Jersey"",""A lightweight, sleeveless shirt worn by players to identify their team and player number."",""Sneakers"",""Specialized athletic footwear designed to provide traction and ankle support on the court."",""1"",""Sports""
982,""Basketball"",""A popular team sport played on a rectangular court where players aim to shoot a ball through a raised hoop to score points."",""Positions"",""The specific roles assigned to each of the five players on the court during a game."",""Point Guard"",""The team leader who typically handles the ball and directs the offensive plays."",""Shooting Guard"",""A player whose primary responsibility is to score points from long range and perimeter."",""Small Forward"",""A versatile player capable of scoring, rebounding, and defending multiple positions."",""Center"",""Usually the tallest player who plays near the basket to rebound and block shots."",""1"",""Sports""
983,""Basketball"",""A popular team sport played on a rectangular court where players aim to shoot a ball through a raised hoop to score points."",""Rules and Violations"",""The official regulations that govern player conduct and the flow of the game."",""Traveling"",""A violation that occurs when a player takes too many steps without dribbling the ball."",""Double Dribble"",""An illegal move where a player dribbles with both hands or stops and starts again."",""Shot Clock"",""A timer that limits how long a team can possess the ball before attempting a shot."",""Personal Foul"",""A rule infraction involving illegal physical contact with an opposing player."",""3"",""Sports""
984,""Basketball"",""A popular team sport played on a rectangular court where players aim to shoot a ball through a raised hoop to score points."",""Scoring Techniques"",""The various methods and shot types used by players to earn points during a match."",""Slam Dunk"",""A high-flying shot where a player jumps and forcefully throws the ball through the hoop."",""Layup"",""A one-handed shot made near the basket, usually by bouncing the ball off the backboard."",""Three-Pointer"",""A long-distance field goal made from beyond the designated arc on the court."",""Free Throw"",""An uncontested shot taken from a specific line following a foul by the opposing team."",""3"",""Sports""
985,""Basketball"",""A popular team sport played on a rectangular court where players aim to shoot a ball through a raised hoop to score points."",""Professional Leagues"",""The major organizations and associations that host competitive basketball at the highest levels."",""NBA"",""The premier professional basketball league in North America, featuring thirty teams."",""WNBA"",""The top-tier professional women's basketball league based in the United States."",""EuroLeague"",""The highest level of professional club basketball competition in Europe."",""NCAA"",""The organization that governs collegiate basketball tournaments in the United States."",""1"",""Sports""
986,""Basketball"",""A popular team sport played on a rectangular court where players aim to shoot a ball through a raised hoop to score points."",""Defensive Strategies"",""Tactical approaches used by a team to prevent the opposition from scoring points."",""Zone Defense"",""A strategy where players guard specific areas of the court rather than specific opponents."",""Full-Court Press"",""A defensive tactic where players apply pressure over the entire length of the court."",""Man-to-Man"",""A defensive style where each player is assigned to guard one specific opponent."",""Box-and-One"",""A hybrid defense combining one player in man-to-man with four players in a zone."",""5"",""Sports""
987,""Basketball"",""A popular team sport played on a rectangular court where players aim to shoot a ball through a raised hoop to score points."",""Legendary Players"",""Iconic athletes who have made significant historical impacts on the sport of basketball."",""Michael Jordan"",""Widely considered one of the greatest players ever, known for his six NBA championships."",""LeBron James"",""A modern superstar known for his incredible longevity, scoring, and playmaking ability."",""Kobe Bryant"",""A legendary guard for the Lakers known for his scoring prowess and Mamba Mentality."",""Kareem Abdul-Jabbar"",""The all-time leading scorer for decades, famous for his unstoppable skyhook shot."",""5"",""Sports""
988,""Black Death"",""A devastating global epidemic of bubonic plague that struck Europe and Asia in the mid-1300s, killing millions of people."",""Pathology"",""The study of the biological nature and causes of the disease, specifically focusing on the bacteria and its forms."",""Yersinia pestis"",""The bacterium that causes plague, discovered in 1894 but responsible for the 14th-century pandemic."",""Bubonic"",""The most common form of plague, characterized by painful swollen lymph nodes called buboes."",""Septicemic"",""A life-threatening form of plague that occurs when the bacteria multiply in the bloodstream."",""Pneumonic"",""A severe lung infection caused by the plague bacteria, which can be spread through the air."",""5"",""Science""
989,""Black Death"",""A devastating global epidemic of bubonic plague that struck Europe and Asia in the mid-1300s, killing millions of people."",""Transmission"",""The methods and biological vectors through which the plague bacteria spread across continents and between hosts."",""Fleas"",""Small flightless insects that acted as the primary vector by carrying the bacteria from rats to humans."",""Rats"",""Rodents that served as the primary reservoir for the plague-carrying fleas in urban environments."",""Silk Road"",""The ancient network of trade routes that facilitated the spread of the plague from Asia to Europe."",""Trade Ships"",""Merchant vessels that inadvertently transported infected rats and fleas across the Mediterranean."",""3"",""Science""
990,""Black Death"",""A devastating global epidemic of bubonic plague that struck Europe and Asia in the mid-1300s, killing millions of people."",""Social Impact"",""The profound changes in societal structure and population density caused by the mass mortality of the era."",""Depopulation"",""The substantial reduction in the human population caused by the high mortality rate of the plague."",""Feudalism"",""The medieval social system that began to collapse as the labor shortage empowered the peasantry."",""Peasant Revolt"",""Social uprisings that occurred as laborers demanded higher wages and better rights after the plague."",""Urbanization"",""The movement of people to cities, which was temporarily halted but later reshaped by the pandemic."",""3"",""History""
991,""Black Death"",""A devastating global epidemic of bubonic plague that struck Europe and Asia in the mid-1300s, killing millions of people."",""Medical Treatments"",""The historical attempts, often ineffective or superstitious, used by medieval people to cure or prevent the plague."",""Bloodletting"",""A common medieval medical practice of withdrawing blood to balance the body's humors."",""Miasma"",""The obsolete medical theory that diseases like the plague were caused by bad or noxious air."",""Plague Doctor"",""Medical practitioners who wore iconic beak-like masks filled with herbs to treat plague victims."",""Aromatics"",""Herbs and spices used by people to mask the smell of death and supposedly ward off miasma."",""1"",""History""
992,""Black Death"",""A devastating global epidemic of bubonic plague that struck Europe and Asia in the mid-1300s, killing millions of people."",""Religious Responses"",""The spiritual interpretations and actions taken by religious institutions and individuals during the pandemic."",""Flagellants"",""Religious zealots who publicly whipped themselves as penance to seek God's mercy from the plague."",""Penance"",""Voluntary self-punishment or prayer performed to express repentance for sins during the crisis."",""Clergy"",""Members of the church who suffered high mortality rates while performing last rites for the dying."",""Divine Wrath"",""The common medieval belief that the plague was a punishment sent by God for human sins."",""3"",""Religion""
993,""Black Death"",""A devastating global epidemic of bubonic plague that struck Europe and Asia in the mid-1300s, killing millions of people."",""Economic Consequences"",""The shifts in labor markets, wages, and land ownership resulting from the sudden loss of a massive workforce."",""Labor Shortage"",""The lack of available workers following the mass deaths, which led to increased bargaining power."",""Wage Increase"",""The rise in pay for surviving workers due to the high demand and low supply of labor."",""Land Tenure"",""The system of land ownership that shifted as many estates were abandoned or redistributed."",""Inflation"",""The economic condition where prices for goods rose sharply following the disruption of trade."",""5"",""Economics""
994,""Black Death"",""A devastating global epidemic of bubonic plague that struck Europe and Asia in the mid-1300s, killing millions of people."",""Artistic Legacy"",""The cultural and creative expressions that emerged as a result of the societal obsession with death and mortality."",""Danse Macabre"",""An artistic genre consisting of a personified Death leading people from all walks of life to the grave."",""Memento Mori"",""An artistic or symbolic reminder of the inevitability of death, popular during the plague years."",""Transi Tomb"",""A type of monument featuring a sculpted cadaver in a state of decay to show the reality of death."",""Decameron"",""A collection of novellas by Giovanni Boccaccio set during the Black Death in Florence."",""1"",""Art""
995,""Crime Scene"",""A physical location where an illegal act has taken place and where law enforcement officials collect forensic evidence for investigation."",""Forensic Evidence"",""Physical materials found at a crime scene that can be used to link a suspect to the location or the victim."",""Fingerprint"",""The unique pattern of ridges on a human finger used as a primary method of identification in criminal cases."",""DNA"",""Genetic material extracted from cells that provides a unique biological blueprint for identifying individuals."",""Fiber"",""Small strands of fabric or material that can be transferred between a suspect and a crime scene."",""Residue"",""Small particles left behind after an event, such as gunpowder remaining on hands after firing a weapon."",""1"",""Science""
996,""Crime Scene"",""A physical location where an illegal act has taken place and where law enforcement officials collect forensic evidence for investigation."",""Investigative Tools"",""Specialized equipment and chemical substances used by investigators to detect and collect hidden evidence."",""Luminol"",""A chemical spray that reacts with hemoglobin to reveal trace amounts of blood not visible to the naked eye."",""Tweezers"",""Small handheld tools used for the precise picking and handling of minute pieces of physical evidence."",""Swab"",""An absorbent pad or stick used to collect liquid samples or biological material from various surfaces."",""Camera"",""A device used to capture high-resolution images of the scene and evidence before anything is disturbed."",""3"",""Technology""
997,""Crime Scene"",""A physical location where an illegal act has taken place and where law enforcement officials collect forensic evidence for investigation."",""Personnel"",""The various professionals and specialists who work together to process a crime scene and analyze findings."",""Detective"",""A law enforcement officer responsible for investigating crimes and interviewing witnesses or suspects."",""Coroner"",""A public official who investigates any death not due to natural causes and determines the time of death."",""Technician"",""A specialist trained in the technical aspects of collecting and preserving evidence from a crime scene."",""Pathologist"",""A medical doctor who performs autopsies to determine the cause and manner of death in criminal cases."",""5"",""Lifestyle""
998,""Crime Scene"",""A physical location where an illegal act has taken place and where law enforcement officials collect forensic evidence for investigation."",""Documentation"",""The systematic recording of all observations and evidence found at a scene through notes, maps, and logs."",""Sketch"",""A hand-drawn or digital diagram showing the layout of the crime scene and the position of evidence."",""Log"",""A chronological record of everyone who enters and exits the crime scene to maintain the chain of custody."",""Photograph"",""A visual record that captures the state of the scene from multiple angles for later review in court."",""Affidavit"",""A written statement confirmed by oath or affirmation, often used to obtain search warrants for a scene."",""3"",""Education""
999,""Crime Scene"",""A physical location where an illegal act has taken place and where law enforcement officials collect forensic evidence for investigation."",""Types of Crimes"",""The specific categories of illegal acts that necessitate the processing and investigation of a crime scene."",""Homicide"",""The unlawful killing of one human being by another, requiring extensive forensic and medical analysis."",""Burglary"",""Illegal entry into a building with the intent to commit a crime, often leaving behind physical evidence."",""Arson"",""The criminal act of deliberately setting fire to property, requiring specialized fire investigators."",""Assault"",""A physical attack or threat of attack on another person that may leave behind biological or trace evidence."",""1"",""History""
1000,""Crime Scene"",""A physical location where an illegal act has taken place and where law enforcement officials collect forensic evidence for investigation."",""Ballistics"",""The study of projectiles and firearms to determine how a weapon was used during the commission of a crime."",""Casing"",""The metal container that holds the gunpowder and bullet, often ejected from a firearm after shooting."",""Caliber"",""The internal diameter of a firearm barrel or the diameter of the ammunition used in a specific weapon."",""Trajectory"",""The path followed by a projectile flying or an object moving under the action of given forces."",""Striation"",""Microscopic scratches left on a bullet as it passes through a rifled barrel, used to match it to a gun."",""5"",""Science""
1001,""Crime Scene"",""A physical location where an illegal act has taken place and where law enforcement officials collect forensic evidence for investigation."",""Biological Samples"",""Organic materials derived from a living organism that can be analyzed for DNA or other identifying markers."",""Blood"",""A vital fluid that can provide DNA evidence and reveal information through spatter pattern analysis."",""Saliva"",""A watery substance in the mouth that contains cells suitable for DNA profiling and toxicological tests."",""Hair"",""A protein filament that can be used to identify a suspect if the root bulb containing DNA is present."",""Tissue"",""Groups of cells from a body that can be analyzed to determine identity or the presence of toxins."",""3"",""Health""
1002,""Bowling"",""A target sport in which a player rolls a ball toward pins or another target to knock them down or get close to them for points."",""Equipment"",""The physical tools and gear required to participate in a game of bowling at any skill level."",""Ball"",""A heavy, spherical object used to knock down pins on the lane."",""Pins"",""The ten wooden or synthetic targets at the end of the bowling lane."",""Shoes"",""Specialized footwear with sliding soles for smooth movement on the approach."",""Bag"",""A carrier designed to transport bowling balls and various accessories safely."",""1"",""Sports""
1003,""Bowling"",""A target sport in which a player rolls a ball toward pins or another target to knock them down or get close to them for points."",""Scoring"",""The system of points and terminology used to track performance and results in a match."",""Strike"",""Knocking down all ten pins on the first delivery of a single frame."",""Spare"",""Knocking down all remaining pins on the second delivery of a frame."",""Split"",""A situation where remaining pins have a large gap between them."",""Turkey"",""Three consecutive strikes achieved by a bowler in a single game."",""3"",""Sports""
1004,""Bowling"",""A target sport in which a player rolls a ball toward pins or another target to knock them down or get close to them for points."",""Lane Components"",""The physical parts and markings that make up the bowling alley surface and structure."",""Gutter"",""The drop-off area on either side of the bowling lane for missed shots."",""Approach"",""The area where the bowler stands and moves toward the lane to throw."",""Foul Line"",""The line separating the approach from the playing surface of the lane."",""Arrows"",""Triangular markings on the lane used for aiming the ball accurately."",""1"",""Sports""
1005,""Bowling"",""A target sport in which a player rolls a ball toward pins or another target to knock them down or get close to them for points."",""Techniques"",""The physical methods and styles used by bowlers to deliver the ball effectively."",""Hook"",""A ball that curves significantly as it travels down the lane surface."",""Backup"",""A ball that curves in the opposite direction of a standard hook."",""Lofting"",""Throwing the ball so it travels through the air before landing on the lane."",""Release"",""The specific moment and manner in which the ball leaves the hand."",""5"",""Sports""
1006,""Bowling"",""A target sport in which a player rolls a ball toward pins or another target to knock them down or get close to them for points."",""Professional Organizations"",""The governing bodies and associations that manage competitive bowling events and rules."",""PBA"",""Professional Bowlers Association, the major sanctioning body for pro bowling."",""USBC"",""United States Bowling Congress, the national governing body for the sport."",""PWBA"",""Professional Women's Bowling Association, the organization for female pros."",""WTBA"",""World Tenpin Bowling Association, the international governing body for tenpin."",""3"",""Sports""
1007,""Bowling"",""A target sport in which a player rolls a ball toward pins or another target to knock them down or get close to them for points."",""Variations"",""Different styles and rule sets of bowling played around the world with varying equipment."",""Duckpin"",""A version using smaller, squat pins and handheld balls without finger holes."",""Candlepin"",""A variant featuring tall, thin pins and small, holeless bowling balls."",""Five-pin"",""A Canadian variation using five pins arranged in a distinct V-shape."",""Nine-pin"",""A traditional European form where pins are set in a diamond pattern."",""5"",""Sports""
1008,""Bowling"",""A target sport in which a player rolls a ball toward pins or another target to knock them down or get close to them for points."",""Lane Conditions"",""The environmental factors, specifically oil distribution, that affect ball motion and friction."",""Oil Pattern"",""The specific distribution of lubricant applied to the lane surface."",""Dry"",""Areas of the lane with little to no oil, causing more ball friction."",""Carrydown"",""Oil that has been moved further down the lane by passing balls."",""Breakpoint"",""The spot on the lane where the ball begins its hook toward the pins."",""5"",""Sports""
1009,""Witches"",""Supernatural practitioners of magic, often depicted in folklore, mythology, and literature as having mystical powers."",""Folklore & Mythology"",""Traditional stories and legends from various cultures featuring magical beings and supernatural practitioners."",""Baba Yaga"",""A supernatural being in Slavic folklore who lives in a hut that stands on chicken legs."",""Circe"",""An enchantress in Greek mythology who transformed her enemies into animals with her magic."",""Hecate"",""The ancient Greek goddess associated with magic, witchcraft, the night, and crossroads."",""Morgan le Fay"",""A powerful enchantress in Arthurian legend, often portrayed as a rival to Merlin."",""3"",""History""
1010,""Witches"",""Supernatural practitioners of magic, often depicted in folklore, mythology, and literature as having mystical powers."",""Magical Tools"",""Physical objects used by practitioners to channel energy, perform spells, or facilitate ritual work."",""Athame"",""A ceremonial blade used in Wiccan rituals for directing energy rather than cutting."",""Cauldron"",""A large metal pot used for brewing potions or as a symbolic vessel in magical rituals."",""Broomstick"",""A traditional tool associated with flight and cleansing ritual spaces of negative energy."",""Grimoire"",""A textbook of magic containing instructions on how to create spells and talismans."",""1"",""Lifestyle""
1011,""Witches"",""Supernatural practitioners of magic, often depicted in folklore, mythology, and literature as having mystical powers."",""Famous Literary Witches"",""Iconic characters from novels and stories who possess magical abilities and influence the plot."",""Hermione Granger"",""A highly skilled witch from the Harry Potter series known for her intelligence and logic."",""Glinda"",""The Good Witch of the South from the Land of Oz, known for her kindness and wisdom."",""Mildred Hubble"",""The protagonist of The Worst Witch series, known for her clumsiness at Cackle Academy."",""Elphaba"",""The protagonist of Wicked, who becomes the Wicked Witch of the West in the Land of Oz."",""1"",""Literature""
1012,""Witches"",""Supernatural practitioners of magic, often depicted in folklore, mythology, and literature as having mystical powers."",""Witch Trials"",""Historical periods of persecution where individuals were accused of practicing witchcraft and faced legal action."",""Salem"",""The site of the infamous 1692 trials in Massachusetts where many were accused of witchcraft."",""Pendle"",""A famous location in England known for the 1612 trials of the Pendle Hill witches."",""Matthew Hopkins"",""The self-proclaimed Witchfinder General who operated during the English Civil War."",""Inquisition"",""A powerful office within the Catholic Church that suppressed heresy and witchcraft."",""5"",""History""
1013,""Witches"",""Supernatural practitioners of magic, often depicted in folklore, mythology, and literature as having mystical powers."",""Modern Witchcraft"",""Contemporary spiritual practices and belief systems that incorporate magic, nature worship, and ritual."",""Wicca"",""A modern pagan religion that emphasizes nature worship and the practice of magic."",""Coven"",""A formal gathering or community of witches who meet for rituals and celebrations."",""Solitary"",""A practitioner of witchcraft who works alone rather than as part of a coven."",""Esbat"",""A ritual observance held by modern witches during the phases of the moon."",""3"",""Religion""
1014,""Witches"",""Supernatural practitioners of magic, often depicted in folklore, mythology, and literature as having mystical powers."",""Cinematic Witches"",""Memorable portrayals of witches in film and television that have shaped public perception of magic."",""Maleficent"",""The powerful dark fairy and witch from Sleeping Beauty who curses Princess Aurora."",""Winifred Sanderson"",""The eldest and most powerful of the three Sanderson sisters in the film Hocus Pocus."",""Bellatrix Lestrange"",""A dark witch and loyal follower of Lord Voldemort in the Harry Potter film series."",""Sabrina Spellman"",""A teenage witch who balances her magical heritage with her life as a mortal student."",""1"",""Movies""
1015,""Witches"",""Supernatural practitioners of magic, often depicted in folklore, mythology, and literature as having mystical powers."",""Potion Ingredients"",""Natural substances and herbs traditionally believed to hold magical properties when brewed into liquids."",""Mandrake"",""A root that resembles a human figure and was historically used in magical ointments."",""Belladonna"",""Also known as deadly nightshade, a toxic plant used in traditional witchcraft lore."",""Mugwort"",""An aromatic herb used in folk magic for protection and to enhance psychic dreams."",""Wolfsbane"",""A highly poisonous plant often associated in folklore with protection against lycanthropy."",""5"",""Nature""
1016,""Emotions"",""Complex psychological states involving physiological arousal, expressive behaviors, and conscious experience."",""Happiness"",""A state of well-being and contentment ranging from satisfaction to intense joy."",""Joy"",""A feeling of great pleasure and happiness often resulting from success or good fortune."",""Bliss"",""Perfect happiness or great joy, often associated with a state of spiritual peace."",""Elation"",""A feeling of great happiness and exhilaration, often following a significant achievement."",""Contentment"",""A state of happiness and satisfaction with one's current situation or life."",""1"",""Lifestyle""
1017,""Emotions"",""Complex psychological states involving physiological arousal, expressive behaviors, and conscious experience."",""Sadness"",""An emotional pain associated with, or characterized by, feelings of disadvantage, loss, or helplessness."",""Grief"",""Deep sorrow, especially that caused by someone's death or a significant loss."",""Melancholy"",""A feeling of pensive sadness, typically with no obvious cause or origin."",""Sorrow"",""A feeling of deep distress caused by loss, disappointment, or other misfortune."",""Despair"",""The complete loss or absence of hope, often leading to a sense of hopelessness."",""3"",""Health""
1018,""Emotions"",""Complex psychological states involving physiological arousal, expressive behaviors, and conscious experience."",""Anger"",""A strong feeling of annoyance, displeasure, or hostility triggered by perceived provocation."",""Rage"",""Violent, uncontrollable anger that can lead to aggressive behavior or outbursts."",""Fury"",""Wild or violent anger that is often intense and difficult to control or contain."",""Resentment"",""Bitter indignation at having been treated unfairly or ignored by others."",""Irritation"",""The state of feeling annoyed, impatient, or slightly angry about something."",""5"",""Science""
1019,""Emotions"",""Complex psychological states involving physiological arousal, expressive behaviors, and conscious experience."",""Fear"",""An unpleasant emotion caused by the belief that someone or something is dangerous or likely to cause pain."",""Panic"",""Sudden uncontrollable fear or anxiety, often causing wildly unthinking behavior."",""Terror"",""Extreme fear that is often overwhelming and can paralyze a person's actions."",""Anxiety"",""A feeling of worry, nervousness, or unease about an imminent event or uncertain outcome."",""Dread"",""Anticipate with great apprehension or fear something that is expected to happen."",""3"",""Science""
1020,""Emotions"",""Complex psychological states involving physiological arousal, expressive behaviors, and conscious experience."",""Love"",""A variety of different emotional and mental states, typically characterized by strong affection and attachment."",""Adoration"",""Deep love and respect for someone or something, often involving great devotion."",""Passion"",""Strong and barely controllable emotion, often related to romantic or creative desire."",""Affection"",""A gentle feeling of fondness or liking for a person, animal, or object."",""Devotion"",""Love, loyalty, or enthusiasm for a person, activity, or cause."",""1"",""Literature""
1021,""Emotions"",""Complex psychological states involving physiological arousal, expressive behaviors, and conscious experience."",""Surprise"",""A brief emotional state experienced as the result of an unexpected event or discovery."",""Astonishment"",""Great surprise or amazement at something unexpected or extraordinary."",""Amazement"",""A feeling of great surprise or wonder at something impressive or unusual."",""Shock"",""A sudden upsetting or surprising event or experience that causes distress."",""Wonder"",""A feeling of surprise mingled with admiration, caused by something beautiful or rare."",""3"",""Lifestyle""
1022,""Emotions"",""Complex psychological states involving physiological arousal, expressive behaviors, and conscious experience."",""Disgust"",""A feeling of revulsion or strong disapproval aroused by something unpleasant or offensive."",""Loathing"",""A feeling of intense dislike or disgust toward someone or something."",""Repulsion"",""A feeling of intense distaste or disgust that causes one to want to move away."",""Nausea"",""A feeling of sickness with an inclination to vomit, often triggered by disgust."",""Abhorrence"",""A feeling of revulsion or disgusted loathing toward a particular behavior or idea."",""5"",""Health""
1023,""Call of Duty"",""A long-running first-person shooter video game franchise published by Activision, featuring military combat across various historical and futuristic settings."",""Modern Warfare Series"",""A sub-series within Call of Duty focused on contemporary military conflicts and the elite Task Force 141 unit."",""Captain Price"",""The iconic British Special Forces officer known for his leadership and signature boonie hat throughout the series."",""Soap MacTavish"",""A key protagonist in the Modern Warfare trilogy, serving as a demolition expert and sniper under Price."",""Ghost"",""A fan-favorite operator recognized by his skull-patterned balaclava and tactical expertise in covert operations."",""Task Force 141"",""An elite multinational special operations unit composed of the world's best soldiers to hunt high-value targets."",""5"",""Gaming""
1024,""Call of Duty"",""A long-running first-person shooter video game franchise published by Activision, featuring military combat across various historical and futuristic settings."",""Black Ops Series"",""A sub-series developed by Treyarch that explores Cold War conspiracies, espionage, and psychological warfare."",""Alex Mason"",""The primary protagonist of the original Black Ops, a CIA operative who underwent brainwashing in Vorkuta."",""Frank Woods"",""A rugged and resilient Marine Corps Master Sergeant who is a recurring hero in the Black Ops narrative."",""Nuketown"",""A famous, small-scale multiplayer map designed as a 1950s nuclear testing site, appearing in many titles."",""Cold War"",""The historical setting for much of the Black Ops storyline, involving global tension between the US and USSR."",""5"",""Gaming""
1025,""Call of Duty"",""A long-running first-person shooter video game franchise published by Activision, featuring military combat across various historical and futuristic settings."",""Multiplayer Modes"",""Competitive online game types where players face off in various objective-based or elimination matches."",""Team Deathmatch"",""A classic game mode where two teams compete to reach a specific number of kills before the time limit expires."",""Domination"",""An objective mode where teams fight to capture and hold three specific flags on the map to earn points."",""Search and Destroy"",""A tactical round-based mode where one team attempts to plant a bomb and the other must defend or defuse it."",""Hardpoint"",""A mode where teams must occupy a rotating zone on the map to accumulate points while the area is contested."",""3"",""Gaming""
1026,""Call of Duty"",""A long-running first-person shooter video game franchise published by Activision, featuring military combat across various historical and futuristic settings."",""Iconic Villains"",""The primary antagonists and opposing forces that players must defeat throughout the various campaign storylines."",""Vladimir Makarov"",""The ruthless leader of a Russian ultranationalist cell and the main antagonist of the Modern Warfare series."",""Raul Menendez"",""A charismatic Nicaraguan terrorist leader who serves as the primary villain in Black Ops II."",""General Shepherd"",""A high-ranking US officer who betrays Task Force 141 in a bid to become a national hero during a global war."",""Gabriel Rorke"",""A former Ghost who became a brainwashed antagonist hunting his former teammates in Call of Duty: Ghosts."",""3"",""Gaming""
1027,""Call of Duty"",""A long-running first-person shooter video game franchise published by Activision, featuring military combat across various historical and futuristic settings."",""Core Mechanics"",""The fundamental systems and features that define movement, combat, and progression within the game."",""Killstreak"",""Rewards given to players for achieving a series of kills without dying, such as UAVs or airstrikes."",""Loadout"",""A customized set of weapons, attachments, and equipment that a player selects before entering a match."",""Prestige"",""A progression system where players reset their rank after reaching the maximum level to earn unique rewards."",""Perk"",""Special passive abilities that players can equip to enhance their character's speed, stealth, or resilience."",""1"",""Gaming""
1028,""Call of Duty"",""A long-running first-person shooter video game franchise published by Activision, featuring military combat across various historical and futuristic settings."",""Zombies Mode"",""A cooperative survival mode where players fight off endless waves of undead while uncovering complex lore."",""Ray Gun"",""An iconic and powerful Wonder Weapon that fires green energy rings, capable of dealing massive splash damage."",""Pack-a-Punch"",""A special machine used to upgrade weapons, increasing their damage, magazine size, and adding unique effects."",""Perk-a-Cola"",""In-game beverages that grant players special abilities like faster reloading or increased health in Zombies."",""Easter Egg"",""Hidden quests within Zombies maps that require players to complete complex steps to reveal story secrets."",""3"",""Gaming""
1029,""Call of Duty"",""A long-running first-person shooter video game franchise published by Activision, featuring military combat across various historical and futuristic settings."",""Warzone"",""A massive free-to-play battle royale experience featuring large-scale combat and unique survival mechanics."",""Verdansk"",""The original massive urban map featured in Warzone, containing numerous points of interest and varied terrain."",""Gulag"",""A unique mechanic where defeated players fight in a 1v1 arena for a chance to redeploy back into the match."",""Buy Station"",""In-game kiosks where players can spend collected cash to purchase killstreaks, armor, or revive teammates."",""Loadout Drop"",""A tactical crate that allows players to access their custom weapon classes during a battle royale match."",""5"",""Gaming""
1030,""Outdoor Fun"",""Activities and recreational pursuits enjoyed in the open air and natural environments for pleasure and health."",""Camping"",""The activity of spending a holiday living in a tent or recreational vehicle, typically in the wilderness."",""Tent"",""A portable shelter made of cloth, supported by one or more poles and stretched tight by cords or loops."",""Campfire"",""An open-air fire in a camp, used for cooking and as a focal point for social activity."",""Backpack"",""A bag with shoulder straps that allow it to be carried on someone's back, used for hiking or travel."",""Sleeping Bag"",""A warm padded bag to sleep in, especially when camping or sleeping outdoors."",""3"",""Nature""
1031,""Outdoor Fun"",""Activities and recreational pursuits enjoyed in the open air and natural environments for pleasure and health."",""Hiking"",""The activity of going for long walks, especially across country or in the woods for exercise and pleasure."",""Trail"",""A path or track through the countryside, often marked for hikers or cyclists to follow."",""Boots"",""Sturdy footwear covering the foot and ankle, designed to provide support and protection on rough terrain."",""Compass"",""An instrument containing a magnetized pointer which shows the direction of magnetic north."",""Summit"",""The highest point of a hill or mountain, often the ultimate goal of a challenging hike."",""5"",""Health""
1032,""Outdoor Fun"",""Activities and recreational pursuits enjoyed in the open air and natural environments for pleasure and health."",""Water Sports"",""Competitive or recreational activities that take place in or on water, such as swimming or boating."",""Kayak"",""A small, narrow watercraft which is typically propelled by means of a double-bladed paddle."",""Paddle"",""A short pole with a broad blade at one or both ends, used to move a small boat through water."",""Lifejacket"",""A sleeveless buoyancy aid for keeping a person afloat in water, essential for safety in water sports."",""Snorkel"",""A tube for breathing while swimming with the head underwater, typically used with a mask."",""3"",""Sports""
1033,""Outdoor Fun"",""Activities and recreational pursuits enjoyed in the open air and natural environments for pleasure and health."",""Gardening"",""The practice of growing and cultivating plants as part of horticulture for aesthetic or food purposes."",""Trowel"",""A small handheld tool with a curved scoop for lifting plants or digging small holes in soil."",""Fertilizer"",""A chemical or natural substance added to soil or land to increase its fertility and plant growth."",""Pruning"",""The act of trimming a tree, shrub, or bush by cutting away dead or overgrown branches or stems."",""Seedling"",""A young plant, especially one raised from a seed and not from a cutting or bulb."",""1"",""Lifestyle""
1034,""Outdoor Fun"",""Activities and recreational pursuits enjoyed in the open air and natural environments for pleasure and health."",""Cycling"",""The activity of riding a bicycle for transport, recreation, or as a competitive sport."",""Helmet"",""A hard or padded protective hat, various types of which are worn by cyclists for safety."",""Derailleur"",""A mechanism for shifting the chain from one sprocket to another on a bicycle with multiple gears."",""Pannier"",""A bag or basket, typically one of a pair, fitted on either side of the rear wheel of a bicycle."",""Handlebars"",""The steering bar of a bicycle, which the rider holds and uses to control the direction."",""3"",""Transportation""
1035,""Outdoor Fun"",""Activities and recreational pursuits enjoyed in the open air and natural environments for pleasure and health."",""Birdwatching"",""The observation of birds as a recreational activity or as a form of citizen science using the naked eye."",""Binoculars"",""An optical instrument with a lens for each eye, used for viewing distant objects clearly."",""Plumage"",""A bird's feathers collectively, often used by birdwatchers to identify different species."",""Migration"",""Seasonal movement of animals from one region to another, a key event for birdwatchers to observe."",""Ornithology"",""The scientific study of birds, which provides the foundation for serious birdwatching activities."",""5"",""Science""
1036,""Outdoor Fun"",""Activities and recreational pursuits enjoyed in the open air and natural environments for pleasure and health."",""Photography"",""The art or practice of taking and processing photographs, often capturing natural landscapes outdoors."",""Aperture"",""The opening in a lens through which light passes to enter the camera, controlling depth of field."",""Tripod"",""A three-legged stand for supporting a camera, used to ensure stability during long exposures."",""Landscape"",""A genre of photography that captures the beauty of nature and vast outdoor environments."",""Exposure"",""The amount of light per unit area reaching a photographic film or electronic image sensor."",""5"",""Art""
1037,""Cassette Tapes"",""A magnetic tape recording format for audio recording and playback, popular from the 1970s through the early 1990s."",""Physical Components"",""The mechanical and structural parts that make up a standard compact cassette shell and its internal mechanism."",""Spool"",""The cylindrical hub around which the magnetic tape is wound inside the cassette housing."",""Housing"",""The plastic outer shell that protects the magnetic tape and holds the internal components in place."",""Pressure Pad"",""A small felt piece that holds the tape against the playback head for consistent sound quality."",""Leader"",""The non-magnetic strip of plastic at the beginning and end of the tape used for threading."",""1"",""Technology""
1038,""Cassette Tapes"",""A magnetic tape recording format for audio recording and playback, popular from the 1970s through the early 1990s."",""Playback Devices"",""Electronic equipment designed to read the magnetic signals on a cassette and convert them into audible sound."",""Walkman"",""A portable cassette player developed by Sony that revolutionized how people listened to music on the go."",""Boombox"",""A large, portable transistor radio and cassette tape player capable of high volume output."",""Deck"",""A stationary component of a home stereo system used for recording and playing back cassette tapes."",""Auto-reverse"",""A feature in some players that allows the tape to play the second side without manual flipping."",""3"",""Technology""
1039,""Cassette Tapes"",""A magnetic tape recording format for audio recording and playback, popular from the 1970s through the early 1990s."",""Recording Process"",""The technical methods and actions involved in capturing audio signals onto magnetic tape for storage."",""Dubbing"",""The process of copying audio from one cassette or source to another blank cassette tape."",""Bias"",""A high-frequency signal added during recording to improve the linearity and fidelity of the audio."",""Levels"",""The measurement of input signal strength monitored to prevent distortion or clipping during recording."",""Mastering"",""The final step in preparing a recording for duplication, ensuring consistent sound across the tape."",""5"",""Science""
1040,""Cassette Tapes"",""A magnetic tape recording format for audio recording and playback, popular from the 1970s through the early 1990s."",""Cultural Impact"",""The social influence and legacy of cassette tapes on music sharing, personal expression, and the industry."",""Mixtape"",""A personalized compilation of songs recorded onto a cassette, often shared as a gift or self-expression."",""Bootleg"",""An unauthorized recording of a live performance or unreleased material distributed on cassette tapes."",""Underground"",""The independent music scene that relied on cassette distribution to bypass mainstream record labels."",""Analog"",""A term describing the continuous signal format of tapes, often associated with a warm, nostalgic sound."",""3"",""Lifestyle""
1041,""Cassette Tapes"",""A magnetic tape recording format for audio recording and playback, popular from the 1970s through the early 1990s."",""Tape Formats"",""The different types of magnetic coatings used on tapes which determine their frequency response and quality."",""Ferric"",""Also known as Type I, this is the standard oxide tape used for basic voice and music recording."",""Chrome"",""Type II tapes that use chromium dioxide for better high-frequency response and lower noise levels."",""Metal"",""Type IV tapes using pure metal particles for the highest possible fidelity and dynamic range."",""Microcassette"",""A smaller version of the standard cassette used primarily in dictation machines and answering machines."",""5"",""Technology""
1042,""Cassette Tapes"",""A magnetic tape recording format for audio recording and playback, popular from the 1970s through the early 1990s."",""Audio Quality"",""The technical characteristics and potential issues affecting the clarity and accuracy of sound on a tape."",""Hiss"",""The background noise inherent in magnetic tape playback, often reduced using noise reduction systems."",""Wow"",""A slow variation in pitch caused by fluctuations in the speed of the tape transport mechanism."",""Flutter"",""A rapid variation in pitch resulting from high-frequency vibrations in the tape movement."",""Saturation"",""A state where the magnetic tape cannot hold any more signal, leading to a specific type of distortion."",""5"",""Science""
1043,""Cassette Tapes"",""A magnetic tape recording format for audio recording and playback, popular from the 1970s through the early 1990s."",""Maintenance"",""The procedures and tools used to keep cassette players and tapes in good working condition over time."",""Demagnetizer"",""A tool used to remove residual magnetism from the playback heads to prevent sound degradation."",""Azimuth"",""The alignment of the tape head relative to the tape, crucial for clear high-frequency reproduction."",""Pinch Roller"",""A rubber wheel that presses the tape against the capstan to ensure a constant playback speed."",""Splicing"",""The act of joining two ends of broken magnetic tape using adhesive tape to repair a recording."",""1"",""Lifestyle""
1044,""Cooking"",""The practice or skill of preparing food by combining, mixing, and heating ingredients to create a meal."",""Techniques"",""Specific methods and procedures used in the preparation and cooking of various food items."",""Sauté"",""To fry food quickly in a small amount of hot fat or oil while tossing it in the pan."",""Braise"",""A combination cooking method that uses both wet and dry heats to tenderize meat."",""Poach"",""To cook food by submerging it in a liquid, such as water, milk, stock, or wine."",""Blanch"",""A process where food is briefly immersed in boiling water and then plunged into ice water."",""3"",""Food""
1045,""Cooking"",""The practice or skill of preparing food by combining, mixing, and heating ingredients to create a meal."",""Kitchenware"",""Tools, utensils, and containers used in the kitchen for food preparation and serving."",""Whisk"",""A tool used to blend ingredients smooth or to incorporate air into a mixture."",""Spatula"",""A broad, flat, flexible blade used to mix, spread, and lift food materials."",""Mandoline"",""A kitchen tool used for slicing and for cutting juliennes with great precision."",""Colander"",""A perforated bowl used to strain off liquids from food like pasta or vegetables."",""1"",""Lifestyle""
1046,""Cooking"",""The practice or skill of preparing food by combining, mixing, and heating ingredients to create a meal."",""Ingredients"",""The raw substances and food items combined to create a specific dish or recipe."",""Shallot"",""A type of small onion that has a milder flavor and grows in clusters like garlic."",""Gelatin"",""A colorless and tasteless water-soluble protein used as a thickening agent in food."",""Vinegar"",""An acidic liquid produced through the fermentation of ethanol by acetic acid bacteria."",""Flour"",""A powder obtained by grinding grain, typically wheat, used to make bread and cakes."",""1"",""Food""
1047,""Cooking"",""The practice or skill of preparing food by combining, mixing, and heating ingredients to create a meal."",""Baking"",""The method of cooking food by prolonged exposure to dry heat, normally in an oven."",""Yeast"",""A microscopic fungus used in baking as a leavening agent to make dough rise."",""Knead"",""To work moistened flour into dough or paste with the hands to develop gluten."",""Proofing"",""The final rise of shaped bread dough before baking to ensure a light texture."",""Ganache"",""A glaze, icing, or filling for pastries made from chocolate and heavy cream."",""5"",""Food""
1048,""Cooking"",""The practice or skill of preparing food by combining, mixing, and heating ingredients to create a meal."",""Cuisines"",""Styles of cooking characterized by distinctive ingredients, techniques, and dishes."",""Italian"",""A Mediterranean cuisine known for its heavy use of pasta, tomatoes, and olive oil."",""Japanese"",""A cuisine focused on seasonal ingredients, seafood, rice, and minimal processing."",""Mexican"",""A vibrant cuisine known for its diverse flavors, spices, and use of corn and beans."",""French"",""A culinary tradition emphasizing butter, wine, and sophisticated cooking techniques."",""3"",""Geography""
1049,""Cooking"",""The practice or skill of preparing food by combining, mixing, and heating ingredients to create a meal."",""Herbs and Spices"",""Plants and seeds used to add flavor, aroma, and color to various culinary dishes."",""Rosemary"",""A woody, perennial herb with fragrant, evergreen, needle-like leaves used in cooking."",""Turmeric"",""A bright yellow spice from the ginger family commonly used in curries and dyes."",""Cardamom"",""A spice made from the seeds of several plants, known for its strong, sweet aroma."",""Cilantro"",""The leaves of the coriander plant, used as a fresh herb in many global cuisines."",""3"",""Nature""
1050,""Cooking"",""The practice or skill of preparing food by combining, mixing, and heating ingredients to create a meal."",""Appliances"",""Electrical devices designed to assist in various household tasks, especially cooking."",""Blender"",""An electric machine used for liquidizing, chopping, or pureeing food and drinks."",""Airfryer"",""A countertop oven that simulates deep frying without submerging the food in oil."",""Toaster"",""A small electric appliance designed to expose various types of sliced bread to heat."",""Microwave"",""An appliance that cooks or heats food by exposing it to electromagnetic radiation."",""1"",""Technology""
1051,""Cotton"",""A soft, white, fibrous substance that surrounds the seeds of a tropical and subtropical plant and is used as textile fiber and thread."",""Cotton Cultivation"",""The process of growing and harvesting cotton crops in suitable climates and soil conditions."",""Boll"",""The rounded seed capsule of the cotton plant that contains the fibers."",""Irrigation"",""The artificial application of water to the soil to assist in the growth of cotton crops."",""Pesticide"",""Chemical substances used to protect cotton plants from harmful insects and diseases."",""Harvesting"",""The process of gathering mature cotton bolls from the fields using machinery or hand-picking."",""3"",""Nature""
1052,""Cotton"",""A soft, white, fibrous substance that surrounds the seeds of a tropical and subtropical plant and is used as textile fiber and thread."",""Fiber Processing"",""The industrial stages of turning raw cotton fibers into usable yarn and fabric materials."",""Ginning"",""The process of separating cotton fibers from their seeds using a specialized machine."",""Spinning"",""The technique of twisting together cotton fibers to form continuous strands of yarn or thread."",""Weaving"",""The method of interlacing cotton yarns at right angles to create a structured fabric."",""Bleaching"",""A chemical treatment used to whiten cotton fibers by removing natural pigments and impurities."",""5"",""Technology""
1053,""Cotton"",""A soft, white, fibrous substance that surrounds the seeds of a tropical and subtropical plant and is used as textile fiber and thread."",""Cotton Garments"",""Various types of clothing items primarily made from cotton due to its breathability and comfort."",""Denim"",""A sturdy cotton warp-faced textile in which the weft passes under two or more warp threads."",""Jersey"",""A soft, stretchy knit fabric made from cotton, commonly used for making comfortable t-shirts."",""Flannel"",""A soft woven fabric, typically made of cotton, that has been brushed to create extra warmth."",""Canvas"",""A heavy-duty, plain-woven cotton fabric known for its durability and strength in apparel."",""1"",""Lifestyle""
1054,""Cotton"",""A soft, white, fibrous substance that surrounds the seeds of a tropical and subtropical plant and is used as textile fiber and thread."",""Global Trade"",""The historical and economic impact of cotton as a major global commodity and industrial driver."",""Plantation"",""A large estate or farm where cotton was historically grown as a primary cash crop."",""Export"",""The act of sending cotton raw materials or finished goods to other countries for sale."",""Commodity"",""A raw material or primary agricultural product like cotton that can be bought and sold."",""Industrialization"",""The development of industries in a country or region on a wide scale, heavily influenced by cotton."",""3"",""History""
1055,""Cotton"",""A soft, white, fibrous substance that surrounds the seeds of a tropical and subtropical plant and is used as textile fiber and thread."",""Plant Biology"",""The scientific study of the Gossypium genus and the biological characteristics of the cotton plant."",""Gossypium"",""The scientific genus name for the group of plants that produce commercial cotton fibers."",""Cellulose"",""The main structural component of cotton fibers, providing strength and chemical stability."",""Staple"",""The length of the individual cotton fibers, which determines the quality and use of the crop."",""Perennial"",""A plant that lives for more than two years, though cotton is often grown as an annual crop."",""5"",""Science""
1056,""Cotton"",""A soft, white, fibrous substance that surrounds the seeds of a tropical and subtropical plant and is used as textile fiber and thread."",""Home Textiles"",""Common items found within a household that are manufactured using cotton fibers for utility and comfort."",""Bedding"",""Sheets, pillowcases, and duvet covers made from cotton for a soft and breathable sleep surface."",""Towel"",""An absorbent piece of cotton fabric used for drying or wiping the body or surfaces."",""Upholstery"",""The materials, including cotton fabrics, used to provide furniture with padding and covers."",""Curtain"",""A piece of cotton material suspended to cover a window or act as a screen in a room."",""1"",""Lifestyle""
1057,""Cotton"",""A soft, white, fibrous substance that surrounds the seeds of a tropical and subtropical plant and is used as textile fiber and thread."",""Technical Applications"",""The use of cotton fibers in non-apparel and non-home products for various industrial purposes."",""Linters"",""Short fibers remaining on the cotton seed after ginning, used in paper and plastics."",""Cordage"",""Ropes and twines manufactured from cotton fibers for binding and securing items."",""Filter"",""A porous cotton material used to remove impurities from liquids or gases in industrial processes."",""Bandage"",""A strip of cotton material used to bind a wound or protect an injured part of the body."",""3"",""Health""
1058,""Dancing"",""The art of moving the body rhythmically, usually to music and within a given space, for the purpose of expressing an idea or emotion."",""Ballet"",""A highly technical form of dance with its own vocabulary based on French terminology and classical music."",""Plié"",""A movement in which a dancer bends the knees and then straightens them again while keeping the feet turned out."",""Pirouette"",""An act of spinning on one foot, typically with the raised foot touching the knee of the supporting leg."",""Tutu"",""A skirt made of stiffened sheer fabric worn by female ballet dancers during performances."",""Pointe"",""The part of a ballet dance performed on the tips of the toes using specially reinforced shoes."",""5"",""Art""
1059,""Dancing"",""The art of moving the body rhythmically, usually to music and within a given space, for the purpose of expressing an idea or emotion."",""Ballroom"",""A set of partner dances, which are enjoyed both socially and competitively around the world in formal settings."",""Waltz"",""A ballroom dance in triple time performed by a couple, who as a pair turn rhythmically round and round."",""Tango"",""A ballroom dance originating in Buenos Aires, characterized by marked rhythms and dramatic postures."",""Foxtrot"",""A smooth, progressive dance characterized by long, continuous flowing movements across the dance floor."",""Quickstep"",""A fast-paced ballroom dance that is light-hearted and includes many hops, skips, and energetic steps."",""3"",""Lifestyle""
1060,""Dancing"",""The art of moving the body rhythmically, usually to music and within a given space, for the purpose of expressing an idea or emotion."",""Street Dance"",""Dance styles that evolved outside dance studios in any available open space such as streets, parks, and clubs."",""Breaking"",""An energetic style of dance typically performed to hip-hop music, characterized by floorwork and power moves."",""Locking"",""A style of funk dance, which is today associated with hip hop, involving freezing from a fast movement into a position."",""Popping"",""A street dance based on the technique of quickly contracting and relaxing muscles to cause a jerk in the dancer's body."",""Krumping"",""A street dance popularized in the United States, characterized by free, expressive, and highly energetic movement."",""3"",""Lifestyle""
1061,""Dancing"",""The art of moving the body rhythmically, usually to music and within a given space, for the purpose of expressing an idea or emotion."",""Latin Dance"",""A general label for types of ballroom dance and folk dance originating from Latin America and the Caribbean."",""Salsa"",""A popular form of social dance that originated in the Caribbean with strong African and Spanish influences."",""Bachata"",""A style of social dance from the Dominican Republic which is now danced all over the world with a four-step beat."",""Merengue"",""A style of Dominican music and dance characterized by a sliding step and rhythmic hip movements."",""Cha-cha-cha"",""A dance of Cuban origin, performed to the music of the same name introduced by composer Enrique Jorrín."",""3"",""Geography""
1062,""Dancing"",""The art of moving the body rhythmically, usually to music and within a given space, for the purpose of expressing an idea or emotion."",""Contemporary"",""A genre of dance performance that developed during the mid-twentieth century and incorporates various styles."",""Release"",""A dance technique that focuses on the use of breath, skeletal alignment, and gravity to facilitate movement."",""Floorwork"",""Movements performed on the floor, often involving rolling, sliding, and weight transfers in a fluid manner."",""Improv"",""The process of spontaneously creating movement without pre-planned choreography or specific steps."",""Contact"",""A dance technique in which points of physical contact provide the starting point for exploration through movement."",""5"",""Art""
1063,""Dancing"",""The art of moving the body rhythmically, usually to music and within a given space, for the purpose of expressing an idea or emotion."",""Folk Dance"",""A dance developed by people that reflect the life of the people of a certain country or region over generations."",""Polka"",""A Central European dance and genre of dance music familiar throughout all of Europe and the Americas."",""Flamenco"",""A highly expressive Spanish dance form characterized by hand clapping, percussive footwork, and body movements."",""Hula"",""A Polynesian dance form accompanied by chant or song, developed in the Hawaiian Islands by the Native Hawaiians."",""Ceilidh"",""A traditional Scottish or Irish social gathering, which usually involves playing folk music and group dancing."",""1"",""History""
1064,""Dancing"",""The art of moving the body rhythmically, usually to music and within a given space, for the purpose of expressing an idea or emotion."",""Jazz Dance"",""A performance dance technique and style that first emerged in the United States in the early twentieth century."",""Isolation"",""A movement that involves moving only one part of the body while keeping the rest of the body still."",""Chassé"",""A dance step used in many varieties of dance, where one foot literally chases the other foot across the floor."",""Jazz Hands"",""A performance technique where the hands are open with fingers splayed to convey excitement or flair."",""Pivot"",""A turn on the ball of the foot in which the dancer changes direction without traveling to a new spot."",""3"",""Music""
1065,""Internet Connection"",""The process of connecting a device to the global network of computers to access online services and information."",""Networking Hardware"",""Physical devices used to establish and manage data transmission within a computer network."",""Router"",""A device that forwards data packets between computer networks to direct internet traffic."",""Modem"",""A hardware component that converts digital data into signals suitable for transmission over phone lines."",""Ethernet"",""A system for connecting a number of computer systems to form a local area network via cables."",""Switch"",""A networking device that connects devices on a computer network by using packet switching."",""1"",""Technology""
1066,""Internet Connection"",""The process of connecting a device to the global network of computers to access online services and information."",""Communication Protocols"",""Standardized sets of rules that govern how data is exchanged between devices on the internet."",""TCP/IP"",""The basic communication language or protocol of the internet that manages data transmission."",""HTTP"",""The protocol used for transmitting web pages and other content over the World Wide Web."",""DNS"",""A system that translates human-readable domain names into IP addresses for computer routing."",""FTP"",""A standard network protocol used for the transfer of computer files between a client and server."",""3"",""Science""
1067,""Internet Connection"",""The process of connecting a device to the global network of computers to access online services and information."",""Wireless Connectivity"",""Methods of transmitting data through the air using electromagnetic waves instead of physical cables."",""Wi-Fi"",""A wireless networking technology that allows devices to interface with the internet without cables."",""Bluetooth"",""A short-range wireless technology standard used for exchanging data between fixed and mobile devices."",""5G"",""The fifth generation technology standard for broadband cellular networks with high data speeds."",""Satellite"",""A method of providing internet access via communications satellites orbiting the Earth."",""1"",""Technology""
1068,""Internet Connection"",""The process of connecting a device to the global network of computers to access online services and information."",""Broadband Access"",""Various technologies used to provide high-speed internet access to residential and commercial users."",""Fiber"",""A high-speed data transmission medium that uses light pulses through glass or plastic strands."",""DSL"",""A technology that provides internet access by transmitting digital data over telephone lines."",""Cable"",""A type of broadband internet connection that uses the same infrastructure as cable television."",""Dial-up"",""An older form of internet access that uses the facilities of the public switched telephone network."",""3"",""Technology""
1069,""Internet Connection"",""The process of connecting a device to the global network of computers to access online services and information."",""Network Security"",""Measures and protocols designed to protect data and systems from unauthorized access or cyber threats."",""Firewall"",""A network security system that monitors and controls incoming and outgoing network traffic."",""VPN"",""A service that creates a safe and encrypted connection over a less secure network like the internet."",""Encryption"",""The process of converting information or data into a code to prevent unauthorized access."",""Proxy"",""A server that acts as an intermediary for requests from clients seeking resources from other servers."",""5"",""Technology""
1070,""Internet Connection"",""The process of connecting a device to the global network of computers to access online services and information."",""Connection Metrics"",""Quantitative measures used to evaluate the efficiency and speed of data transmission over a network."",""Bandwidth"",""The maximum rate of data transfer across a given path in a network within a specific time."",""Latency"",""The time delay between the initiation of a data transfer and the actual start of the transmission."",""Ping"",""A utility used to test the reachability of a host on an IP network and measure round-trip time."",""Jitter"",""The variation in the delay of received packets, which can affect the quality of real-time traffic."",""5"",""Science""
1071,""Internet Connection"",""The process of connecting a device to the global network of computers to access online services and information."",""Internet Infrastructure"",""Organizations and entities that provide the necessary infrastructure and services for internet access."",""ISP"",""A company that provides individuals and other companies access to the internet and related services."",""Backbone"",""The principal data routes between large, strategically connected computer networks and core routers."",""Gateway"",""A node in a computer network that serves as an entrance to another network or the internet."",""Node"",""Any physical device within a network of other devices that is able to send, receive, or forward data."",""3"",""Economics""
1072,""Disinfect"",""To clean something using chemicals or heat to destroy bacteria and prevent the spread of infection or disease."",""Chemical Agents"",""Substances used to kill microorganisms on surfaces or living tissue to prevent infection."",""Alcohol"",""A colorless volatile flammable liquid used as a solvent and as an antiseptic."",""Bleach"",""A strong chemical used for cleaning and removing stains or killing germs."",""Peroxide"",""A chemical compound often used as an antiseptic for minor cuts and abrasions."",""Iodine"",""A chemical element used in solution as a powerful antiseptic for skin preparation."",""1"",""Science""
1073,""Disinfect"",""To clean something using chemicals or heat to destroy bacteria and prevent the spread of infection or disease."",""Medical Procedures"",""Specific protocols followed in healthcare settings to ensure tools and environments are sterile."",""Sterilization"",""The process of making something free from bacteria or other living microorganisms."",""Autoclave"",""A strong heated container used for chemical reactions or sterilization with high pressure."",""Antiseptic"",""A substance that prevents the growth of disease-causing microorganisms on living tissue."",""Asepsis"",""The state of being free from disease-causing micro-organisms like bacteria and viruses."",""3"",""Health""
1074,""Disinfect"",""To clean something using chemicals or heat to destroy bacteria and prevent the spread of infection or disease."",""Household Cleaning"",""Everyday practices and products used to maintain a germ-free environment within a home."",""Detergent"",""A water-soluble cleansing agent which combines with impurities and dirt to make them soluble."",""Scrubbing"",""The act of rubbing a surface hard with a brush or cloth to clean it thoroughly."",""Wipe"",""A piece of disposable cloth or paper used for cleaning surfaces or skin."",""Spray"",""A liquid that is blown through the air in the form of tiny drops for cleaning."",""1"",""Lifestyle""
1075,""Disinfect"",""To clean something using chemicals or heat to destroy bacteria and prevent the spread of infection or disease."",""Water Treatment"",""Processes used to make water more acceptable for a specific end-use, such as drinking."",""Chlorine"",""A toxic green gaseous element used in industry and for water purification."",""Filtration"",""The action or process of filtering something to remove impurities or particles."",""Ozone"",""A colorless unstable toxic gas used to kill bacteria and viruses in water."",""Distillation"",""The action of purifying a liquid by a process of heating and cooling."",""3"",""Science""
1076,""Disinfect"",""To clean something using chemicals or heat to destroy bacteria and prevent the spread of infection or disease."",""Personal Hygiene"",""Maintaining cleanliness of one's own body to prevent illness and the spread of germs."",""Sanitizer"",""A substance or preparation for killing germs, designed for use on the hands."",""Soap"",""A substance used with water for washing and cleaning, made of natural oils or fats."",""Handwashing"",""The act of cleaning one's hands with soap and water to remove pathogens."",""Scrub"",""To rub someone or something hard so as to clean them, typically with a brush."",""1"",""Health""
1077,""Disinfect"",""To clean something using chemicals or heat to destroy bacteria and prevent the spread of infection or disease."",""Food Safety"",""Handling, preparation, and storage of food in ways that prevent foodborne illness."",""Pasteurization"",""Partial sterilization of a substance by heat or irradiation to make it safe for consumption."",""Irradiation"",""The process of exposing food to ionizing radiation to destroy microorganisms and insects."",""Blanching"",""A cooking process wherein a food is scalded in boiling water or oil."",""Scalding"",""To injure with very hot liquid or steam, or to clean with boiling water."",""5"",""Food""
1078,""Disinfect"",""To clean something using chemicals or heat to destroy bacteria and prevent the spread of infection or disease."",""Industrial Sanitation"",""Large-scale cleaning and disinfection processes used in factories, labs, or public spaces."",""Fumigation"",""The action of disinfecting or purifying an area with the fumes of certain chemicals."",""Degreaser"",""A chemical product used for the removal of water-insoluble substances from surfaces."",""Biohazard"",""A biological agent or condition that is a hazard to humans or the environment."",""Decontamination"",""The neutralization or removal of dangerous germs from an area or object."",""5"",""Technology""
1079,""Dolphins"",""Highly intelligent aquatic mammals known for their playful behavior, complex social structures, and use of echolocation for navigation."",""Species"",""The various distinct types of dolphins found in oceans and rivers across the globe."",""Bottlenose"",""The most common and well-known species of dolphin, often seen in coastal waters and marine parks."",""Orca"",""The largest member of the dolphin family, also known as the killer whale, found in all oceans."",""Spinner"",""A small dolphin known for its acrobatic displays in which it rotates along its longitudinal axis."",""Maui"",""A critically endangered subspecies of Hector's dolphin found only off the coast of New Zealand."",""1"",""Nature""
1080,""Dolphins"",""Highly intelligent aquatic mammals known for their playful behavior, complex social structures, and use of echolocation for navigation."",""Anatomy"",""The physical structure and biological features that allow dolphins to thrive in water."",""Blowhole"",""The hole on the top of a dolphin's head through which the animal breathes air."",""Dorsal"",""The fin located on the back of a dolphin that provides stability during swimming."",""Flukes"",""The two lobes of a dolphin's tail, used for propulsion through the water."",""Blubber"",""A thick layer of fat under the skin that provides insulation and buoyancy."",""3"",""Science""
1081,""Dolphins"",""Highly intelligent aquatic mammals known for their playful behavior, complex social structures, and use of echolocation for navigation."",""Behavior"",""The social interactions and physical activities exhibited by dolphins in their natural environment."",""Pod"",""A social group of dolphins that live, hunt, and travel together for protection."",""Breaching"",""The act of a dolphin leaping completely out of the water and splashing back down."",""Porpoising"",""A swimming technique where a dolphin leaps out of the water while traveling at high speeds."",""Surfing"",""The behavior of riding the waves created by boats or natural ocean swells."",""1"",""Nature""
1082,""Dolphins"",""Highly intelligent aquatic mammals known for their playful behavior, complex social structures, and use of echolocation for navigation."",""Communication"",""The complex methods dolphins use to interact and navigate using sound and signals."",""Echolocation"",""The biological sonar used by dolphins to locate objects by emitting sound pulses."",""Whistle"",""A unique sound produced by dolphins for individual identification and social bonding."",""Click"",""Short bursts of sound used primarily for echolocation and navigating the environment."",""Sonar"",""A system for the detection of objects under water by emitting sound pulses."",""5"",""Science""
1083,""Dolphins"",""Highly intelligent aquatic mammals known for their playful behavior, complex social structures, and use of echolocation for navigation."",""Habitat"",""The specific geographical locations and water conditions where different dolphin populations reside."",""Estuary"",""A coastal area where freshwater from rivers meets and mixes with saltwater from the ocean."",""Reef"",""A ridge of jagged rock or coral just above or below the surface of the sea."",""Pelagic"",""Relating to the open sea, far from the shore, where many dolphin species roam."",""Amazon"",""The massive river system in South America that is home to the unique pink river dolphin."",""3"",""Geography""
1084,""Dolphins"",""Highly intelligent aquatic mammals known for their playful behavior, complex social structures, and use of echolocation for navigation."",""Conservation"",""Efforts and challenges related to protecting dolphin populations from human-made and environmental threats."",""Bycatch"",""The accidental capture of dolphins in commercial fishing nets intended for other species."",""Pollution"",""Harmful substances introduced into the ocean that can cause illness or death in dolphins."",""Captivity"",""The state of being kept in confined spaces like aquariums for research or entertainment."",""Sanctuary"",""A protected area of the ocean where dolphins are safe from hunting and industrial activity."",""5"",""Nature""
1085,""Dolphins"",""Highly intelligent aquatic mammals known for their playful behavior, complex social structures, and use of echolocation for navigation."",""Mythology"",""The cultural stories and historical legends involving dolphins across different human civilizations."",""Poseidon"",""The Greek god of the sea who was often depicted accompanied by dolphins in ancient art."",""Delphinus"",""A small constellation in the northern sky named after the dolphin from Greek mythology."",""Arion"",""A legendary Greek musician who was saved from drowning by a dolphin attracted to his music."",""Taras"",""The mythological founder of a Greek colony who was said to have been rescued by a dolphin."",""5"",""History""
1086,""Dusting"",""The process of removing fine particles of dirt or debris from surfaces to maintain cleanliness and hygiene."",""Cleaning Tools"",""Specific instruments and equipment designed to capture and remove dust particles from various surfaces."",""Microfiber"",""A synthetic fiber used to make cloths that trap dust more effectively than traditional cotton."",""Feather"",""A traditional tool made from bird feathers used to gently flick dust off delicate objects."",""Vacuum"",""A device that uses suction to pull dust and debris into a bag or canister for disposal."",""Swiffer"",""A brand of cleaning products known for disposable cloths that use static to attract dust."",""1"",""Lifestyle""
1087,""Dusting"",""The process of removing fine particles of dirt or debris from surfaces to maintain cleanliness and hygiene."",""Dust Composition"",""The various organic and inorganic materials that combine to form the fine particles known as dust."",""Pollen"",""Fine powdery substance discharged from the male part of a flower or from a male cone."",""Dander"",""Small scales from animal skin or hair that can accumulate as dust and cause allergies."",""Lint"",""Short, fine fibers which separate from the surface of cloth or yarn during handling."",""Silica"",""A hard, unreactive colorless compound occurring as the mineral quartz and as a dust component."",""3"",""Science""
1088,""Dusting"",""The process of removing fine particles of dirt or debris from surfaces to maintain cleanliness and hygiene."",""Household Surfaces"",""Common locations within a home where dust tends to settle and accumulate over time."",""Bookshelf"",""A piece of furniture with shelves used for storing books, often a major dust collector."",""Baseboard"",""A narrow wooden board running along the base of an interior wall, prone to gathering dust."",""Blinds"",""Window coverings made of slats that require regular cleaning to remove settled particles."",""Chandelier"",""A decorative hanging light with branches for several bulbs, often difficult to dust."",""1"",""Lifestyle""
1089,""Dusting"",""The process of removing fine particles of dirt or debris from surfaces to maintain cleanliness and hygiene."",""Health Effects"",""The physiological impacts and medical conditions caused by the inhalation or contact with dust."",""Allergy"",""An immune system reaction to a foreign substance, such as dust mites or pet dander."",""Asthma"",""A respiratory condition marked by spasms in the bronchi of the lungs, often triggered by dust."",""Sneezing"",""A sudden involuntary expulsion of air from the nose and mouth, often caused by dust irritation."",""Irritation"",""A state of inflammation or painful reaction to an allergy or a chemical stimulus like dust."",""3"",""Health""
1090,""Dusting"",""The process of removing fine particles of dirt or debris from surfaces to maintain cleanliness and hygiene."",""Industrial Dusting"",""Large-scale dust management and removal processes used in manufacturing and construction."",""Filtration"",""The action or process of filtering something, especially air to remove industrial dust."",""Ventilation"",""The provision of fresh air to a room or building to disperse airborne dust particles."",""Respirator"",""An apparatus worn over the mouth and nose to prevent the inhalation of harmful dust."",""Collector"",""A system used to enhance the quality of air released from industrial and commercial processes."",""5"",""Technology""
1091,""Dusting"",""The process of removing fine particles of dirt or debris from surfaces to maintain cleanliness and hygiene."",""Natural Phenomena"",""Environmental occurrences involving dust that happen in nature or the outer atmosphere."",""Haze"",""A slight obscuration of the lower atmosphere, typically caused by fine suspended particles."",""Silt"",""Fine sand, clay, or other material carried by running water and deposited as a sediment."",""Erosion"",""The process of eroding or being eroded by wind, water, or other natural agents into dust."",""Nebula"",""A cloud of gas and dust in outer space, visible in the night sky as a bright patch."",""5"",""Nature""
1092,""Dusting"",""The process of removing fine particles of dirt or debris from surfaces to maintain cleanliness and hygiene."",""Cleaning Techniques"",""The specific methods and procedures employed to ensure the thorough removal of dust."",""Buffing"",""To polish a surface with a soft material to remove dust and create a high shine."",""Polishing"",""The act of making a surface smooth and shiny by rubbing it, which also removes dust."",""Wiping"",""To clean or dry something by rubbing its surface with a cloth or a piece of paper."",""Spraying"",""Applying a liquid cleaner in fine drops to a surface to help trap and remove dust."",""3"",""Lifestyle""
1093,""Eagles"",""Large, powerful birds of prey belonging to the family Accipitridae, known for their keen eyesight and impressive hunting skills."",""Species"",""Different biological types of eagles found across various continents and ecosystems worldwide."",""Bald Eagle"",""The national bird of the United States, recognized by its white head and tail feathers."",""Golden Eagle"",""A large raptor found in the Northern Hemisphere, known for its dark brown feathers and golden nape."",""Harpy Eagle"",""A massive neotropical eagle that inhabits rainforests and preys on tree-dwelling mammals."",""Martial Eagle"",""Africa's largest eagle, capable of hunting prey as large as small antelopes."",""1"",""Nature""
1094,""Eagles"",""Large, powerful birds of prey belonging to the family Accipitridae, known for their keen eyesight and impressive hunting skills."",""Anatomy"",""The physical structures and biological features that enable eagles to be apex aerial predators."",""Talons"",""Sharp, curved claws used for gripping, piercing, and carrying prey during flight."",""Beak"",""A powerful, hooked bill designed for tearing flesh and consuming food efficiently."",""Wingspan"",""The distance between the tips of the wings when fully extended, allowing for soaring."",""Plumage"",""The collective feathers of the bird, providing insulation, camouflage, and flight capability."",""3"",""Science""
1095,""Eagles"",""Large, powerful birds of prey belonging to the family Accipitridae, known for their keen eyesight and impressive hunting skills."",""Habitat"",""The diverse environments and geographical locations where various eagle species build their nests and hunt."",""Eyrie"",""A large nest built by an eagle or other bird of prey, typically in a high, inaccessible place."",""Cliffs"",""Steep rock faces that provide secure nesting sites away from terrestrial predators."",""Conifers"",""Evergreen trees often used by eagles for nesting and perching in temperate forests."",""Wetlands"",""Areas of marsh or swamp that provide abundant fish and waterfowl for hunting."",""3"",""Geography""
1096,""Eagles"",""Large, powerful birds of prey belonging to the family Accipitridae, known for their keen eyesight and impressive hunting skills."",""Behavior"",""The characteristic actions and life cycle patterns exhibited by eagles in the wild."",""Soaring"",""Using thermal updrafts to glide through the air with minimal wing flapping to conserve energy."",""Stooping"",""A high-speed dive performed by a bird of prey to strike its target from above."",""Nesting"",""The process of building a home and raising young, often returning to the same site annually."",""Fledging"",""The stage in a young bird's life when it develops feathers large enough for flight."",""1"",""Nature""
1097,""Eagles"",""Large, powerful birds of prey belonging to the family Accipitridae, known for their keen eyesight and impressive hunting skills."",""Cultural Symbolism"",""The historical and symbolic significance of eagles in human societies, mythology, and national identity."",""Heraldry"",""The use of eagle imagery on coats of arms to represent strength, courage, and immortality."",""Totem"",""A spirit being or sacred object that serves as an emblem of a group of people or tribe."",""Aquila"",""The Latin word for eagle, often used as a standard for Roman legions in antiquity."",""Emblem"",""A heraldic device or symbolic object as a distinctive badge of a nation or organization."",""5"",""History""
1098,""Eagles"",""Large, powerful birds of prey belonging to the family Accipitridae, known for their keen eyesight and impressive hunting skills."",""Sports Teams"",""Professional athletic organizations that use the eagle as their mascot or team name."",""Philadelphia"",""Home of the Eagles, a professional American football team in the National Football League."",""Benfica"",""A Portuguese sports club whose mascot is a live bald eagle that flies before home matches."",""Crystal Palace"",""An English professional football club nicknamed the Eagles, based in South London."",""Manly-Warringah"",""An Australian professional rugby league club known as the Sea Eagles."",""3"",""Sports""
1099,""Eagles"",""Large, powerful birds of prey belonging to the family Accipitridae, known for their keen eyesight and impressive hunting skills."",""Music"",""References to the legendary American rock band formed in Los Angeles in 1971."",""Henley"",""Don Henley, a founding member, drummer, and co-lead vocalist of the rock band the Eagles."",""Frey"",""Glenn Frey, a founding member and guitarist who co-wrote many of the band's greatest hits."",""Hotel California"",""One of the most famous rock songs and albums of all time, released by the band in 1976."",""Desperado"",""A classic concept album and title track that helped define the band's country-rock sound."",""5"",""Music""
1100,""Elephants"",""Large herbivorous mammals of the family Elephantidae, known for their trunks, tusks, and high intelligence."",""Anatomy"",""The physical structure and biological features unique to the elephant species."",""Trunk"",""A long, flexible snout used for breathing, smelling, touching, and grasping objects."",""Tusk"",""Elongated, continuously growing front teeth that usually protrude from the mouth."",""Ear"",""Large, thin flaps of skin used primarily for cooling the body and signaling."",""Foot"",""Broad, padded structures designed to support the animal's massive weight and sense vibrations."",""1"",""Science""
1101,""Elephants"",""Large herbivorous mammals of the family Elephantidae, known for their trunks, tusks, and high intelligence."",""Species"",""The different biological classifications and types of elephants found across the globe."",""African Bush"",""The largest living terrestrial animal, inhabiting the grassy plains of sub-Saharan Africa."",""African Forest"",""A smaller species of elephant found in the dense tropical forests of Central Africa."",""Asian Elephant"",""A species native to Southeast Asia, characterized by smaller ears and a twin-domed head."",""Mammoth"",""An extinct genus of elephantids that lived during the Pliocene and Pleistocene epochs."",""3"",""Nature""
1102,""Elephants"",""Large herbivorous mammals of the family Elephantidae, known for their trunks, tusks, and high intelligence."",""Social Behavior"",""The complex interactions and societal structures within elephant groups and families."",""Matriarch"",""The oldest and most experienced female who leads the elephant herd."",""Herd"",""A social group of elephants, typically consisting of related females and their offspring."",""Musth"",""A periodic state in male elephants characterized by highly aggressive behavior and hormonal surges."",""Calving"",""The process of giving birth to a baby elephant after a long gestation period."",""3"",""Nature""
1103,""Elephants"",""Large herbivorous mammals of the family Elephantidae, known for their trunks, tusks, and high intelligence."",""Conservation"",""Efforts and challenges related to protecting elephant populations from extinction and threats."",""Poaching"",""The illegal hunting and killing of elephants, primarily for their valuable ivory tusks."",""Ivory"",""The hard, white material from elephant tusks, historically used for carvings and jewelry."",""Sanctuary"",""A protected area where elephants can live safely away from human-wildlife conflict."",""CITES"",""An international agreement aimed at ensuring that trade in wild animals does not threaten their survival."",""5"",""Nature""
1104,""Elephants"",""Large herbivorous mammals of the family Elephantidae, known for their trunks, tusks, and high intelligence."",""Mythology"",""The role of elephants in religious myths, deities, and spiritual beliefs across different cultures."",""Ganesha"",""A Hindu deity with an elephant head, known as the remover of obstacles and god of beginnings."",""Airavata"",""A mythological white elephant who carries the Hindu god Indra and represents clouds."",""Erawan"",""The Thai name for Airavata, often depicted with three heads in Southeast Asian religious art."",""White Elephant"",""A sacred animal in Buddhism symbolizing mental purity and the birth of the Buddha."",""5"",""Religion""
1105,""Elephants"",""Large herbivorous mammals of the family Elephantidae, known for their trunks, tusks, and high intelligence."",""Habitats"",""The specific geographical regions and ecosystems where different elephant populations reside."",""Savanna"",""Tropical grasslands with scattered trees where African bush elephants are primarily found."",""Rainforest"",""Dense, tropical forests in Africa and Asia that provide cover and food for forest elephants."",""Scrubland"",""Areas characterized by low shrubs and bushes where some Asian elephant populations live."",""River Basin"",""Low-lying areas around major rivers that provide essential water and vegetation for herds."",""1"",""Geography""
1106,""Elephants"",""Large herbivorous mammals of the family Elephantidae, known for their trunks, tusks, and high intelligence."",""Communication"",""The various methods elephants use to convey information and maintain social bonds."",""Infrasound"",""Low-frequency sounds below the range of human hearing used for long-distance communication."",""Trumpeting"",""A loud, high-pitched sound produced through the trunk to signal excitement or danger."",""Seismic"",""Vibrations transmitted through the ground that elephants detect with their sensitive feet."",""Rumble"",""A deep, resonant vocalization used for close-range social interaction within the herd."",""5"",""Science""
1107,""Volcanoes"",""A geological feature where molten rock, gases, and debris escape to the Earth's surface through an opening in the crust."",""Magma and Lava"",""The molten rock material found beneath the Earth's surface and the substance it becomes once it erupts."",""Magma"",""Molten rock stored under the Earth's crust before it reaches the surface."",""Lava"",""Molten rock that has broken through the surface during a volcanic eruption."",""Obsidian"",""A naturally occurring volcanic glass formed as an extrusive igneous rock."",""Pumice"",""A very light and porous volcanic rock formed when gas-rich lava solidifies rapidly."",""1"",""Science""
1108,""Volcanoes"",""A geological feature where molten rock, gases, and debris escape to the Earth's surface through an opening in the crust."",""Types of Volcanoes"",""The different structural classifications of volcanic mountains based on their shape and eruption style."",""Shield"",""A broad volcano with gently sloping sides, characteristic of fluid basaltic lava."",""Stratovolcano"",""A tall, conical volcano built up by many layers of hardened lava and tephra."",""Cinder Cone"",""A steep conical hill of loose pyroclastic fragments built around a volcanic vent."",""Caldera"",""A large cauldron-like hollow that forms shortly after the emptying of a magma chamber."",""3"",""Science""
1109,""Volcanoes"",""A geological feature where molten rock, gases, and debris escape to the Earth's surface through an opening in the crust."",""Eruption Products"",""The various materials, ranging from fine dust to large boulders, ejected during a volcanic event."",""Ash"",""Very fine particles of pulverized rock and glass expelled during an eruption."",""Tephra"",""Fragmental material produced by a volcanic eruption regardless of composition or size."",""Lapilli"",""Rock fragments between 2 and 64 millimeters in diameter ejected from a volcano."",""Pyroclastic Flow"",""A fast-moving current of hot gas and volcanic matter that flows down a slope."",""5"",""Science""
1110,""Volcanoes"",""A geological feature where molten rock, gases, and debris escape to the Earth's surface through an opening in the crust."",""Famous Volcanoes"",""Well-known volcanic peaks around the world noted for their historical impact or geographical significance."",""Vesuvius"",""An Italian volcano famous for destroying the Roman city of Pompeii in 79 AD."",""Etna"",""An active stratovolcano on the east coast of Sicily, Italy, known for frequent activity."",""Fuji"",""An iconic, snow-capped stratovolcano that is the highest mountain in Japan."",""Krakatoa"",""An Indonesian volcano known for its massive and catastrophic eruption in 1883."",""3"",""Geography""
1111,""Volcanoes"",""A geological feature where molten rock, gases, and debris escape to the Earth's surface through an opening in the crust."",""Volcanic Hazards"",""Dangerous phenomena associated with volcanic activity that pose risks to life and property."",""Lahar"",""A violent type of mudflow or debris flow composed of a slurry of pyroclastic material."",""Fumarole"",""An opening in a planet's crust which emits steam and gases such as carbon dioxide."",""Gas"",""Volatile substances like sulfur dioxide released into the atmosphere during eruptions."",""Tsunami"",""A giant sea wave often caused by underwater volcanic collapses or massive eruptions."",""5"",""Science""
1112,""Volcanoes"",""A geological feature where molten rock, gases, and debris escape to the Earth's surface through an opening in the crust."",""Volcanic Landforms"",""Specific geological structures created by the movement and cooling of magma within or on the crust."",""Dike"",""A sheet of rock that is formed in a fracture of a pre-existing rock body."",""Sill"",""A tabular sheet of igneous rock intruded between older layers of sedimentary rock."",""Batholith"",""A large mass of intrusive igneous rock that forms from cooled magma deep in the crust."",""Laccolith"",""A sheet-like intrusion that has been injected between two layers of sedimentary rock."",""5"",""Geography""
1113,""Volcanoes"",""A geological feature where molten rock, gases, and debris escape to the Earth's surface through an opening in the crust."",""Monitoring Tools"",""Specialized instruments and technologies used by scientists to track volcanic activity and predict eruptions."",""Seismograph"",""An instrument used to detect and record earthquakes and vibrations in the Earth."",""Tiltmeter"",""A sensitive instrument used to measure very small changes in the ground's slope."",""Spectrometer"",""A device used to measure the composition of volcanic gases from a safe distance."",""Satellite"",""Space-based technology used to monitor thermal anomalies and ash clouds globally."",""3"",""Technology""
